obs,time,elapsed,date,hhmmss,Round,ShrubID,TIME,E,A,Ca,Ci,Pci,Pca,gsw,gbw,gtw,gtc,Rabs,TleafEB,TleafCnd,SVPleaf,RHcham,VPcham,SVPcham,VPDleaf,LatHFlux,SenHFlux,NetTherm,EBSum,blfa_1,blfa_2,blfa_3,Leak,LeakPct,CorrFact,CorrFactPct,Fan,Qin,Qabs,alpha,convert,S,K,Geometry,TIME,CO2_s,CO2_r,H2O_s,H2O_r,Flow,Pa,?Pcham,Tair,Tleaf,Tleaf2,Offset,Offset2,Fan_speed,Qamb_in,Qamb_out,time,hhmmss,count,co2_adj,h2o_adj,co2_at,h2o_at,co2_cv,h2o_cv,?CO2:MN,?CO2:SLP,?CO2:SD,?CO2:OK,?H2O:MN,?H2O:SLP,?H2O:SD,?H2O:OK,Stable,Total,State,MatchValveR,MatchValveS,MatchCO2,MatchH2O,DIAG,Flow_s,Flow_r,Txchg,Tirga,Tchopper,Ts,Tr,CO2_%,Desiccant_%,Humidifier_%,Txchg_sp,CO2_r_sp,H2O_r_sp,SS_s,SS_r
1,1569605510,0,20190927 11:31:50,11:31:50,1,1,1569605507,8.23E-05,0.313873954,398.7979231,163.5402321,13.63340184,33.24547279,0.002293523,1.751656084,0.002291856,0.00143256,270.505872,32.42284659,32.64744615,4.952886377,49.17476729,2.084849052,4.239672431,2.868037325,-3.630456034,-258.0473159,-33.17384007,-24.34574005,-0.000998481,0.019284816,2.351434276,22,2,1,0,43486.26041,1415.52,693.6048,0.49,0.39,36,0.5,0: Broadleaf,1569605507,398.7979231,400.046,25.00892308,24.71998462,1000.046923,83.16426923,0.199938231,29.91491538,32.64744615,31.58209231,0,0,9984.326154,1415.52,329.1009231,1569605398,11:29:58,1,-0.512,0.292,399,26,0.45,0.19,-1.282001707,0.238747072,0.034292924,0,0.227750162,0.889404284,0.106979165,0,0,2,0/2,100,100,-0.512,0.292,2,1073.08,469.323,28.7782,27.5208,30.0009,27.1909,27.1256,29.0045,26.2592,100,-999.9,400,24.7147,101.573,102.695
2,1569605514,3.5,20190927 11:31:53,11:31:53,1,1,1569605510,7.437E-05,0.317055272,398.7722308,140.6443665,11.72482537,33.24366901,0.002090776,1.753294888,0.002089392,0.001305994,258.16287,32.2965255,32.55971538,4.928461095,49.23479398,2.085994397,4.236829747,2.842466698,-3.279716951,-251.0991253,-32.23459164,-28.45056392,-0.001000213,0.019318258,2.354113152,20,2,1,0,43560.29355,1350.930769,661.9560769,0.49,0.39,36,0.5,0: Broadleaf,1569605510,398.7722308,400.0203846,25.02240769,24.76137692,1000.007385,83.1651,0.199955154,29.90324615,32.55971538,31.55453846,0,0,10001.54,1350.930769,313.4275385,1569605398,11:29:58,1,-0.512,0.292,399,26,0.45,0.19,-1.280584878,0.27596018,0.034267985,0,0.261232151,0.29313981,0.062797061,0,0,2,0/2,100,100,-0.512,0.292,2,1074.52,467.905,28.7869,27.5327,30.0009,27.1995,27.1346,29.0053,26.6715,100,-999.9,400,24.5885,101.572,102.693
3,1569605518,8,20190927 11:31:58,11:31:58,1,1,1569605514,6.67769E-05,0.319916251,398.7714615,116.6955247,9.728233068,33.24327755,0.001913254,1.753747623,0.001912095,0.001195164,248.801763,32.01775633,32.37772308,4.878126357,49.8448848,2.088409376,4.189816838,2.789716981,-2.944862093,-252.2978132,-32.32012998,-38.76104228,-0.001000691,0.019327505,2.354853469,20,2,1,0,43608.19766,1301.945385,637.9532385,0.49,0.39,36,0.5,0: Broadleaf,1569605514,398.7714615,400.0190769,25.05162308,24.81723846,999.9571538,83.16420769,0.200026615,29.70926154,32.37772308,31.46810769,0,0,10006.43462,1301.945385,301.4556923,1569605398,11:29:58,1,-0.512,0.292,399,26,0.45,0.19,-1.259474146,0.149876415,0.023564279,0,0.275496122,-0.318389165,0.03622357,0,0,2,0/2,100,100,-0.512,0.292,2,1075.43,467.361,28.7995,27.5473,30.001,27.2113,27.1462,29.0044,27.7862,100,-999.9,400,24.2792,101.57,102.691
4,1569605661,151,20190927 11:34:21,11:34:21,1,3,1569605658,0.000133163,0.275818268,398.7315385,252.2874744,21.02536788,33.22985931,0.003490389,1.750994745,0.003486528,0.002179426,288.879402,32.87247029,33.32393077,5.144792064,48.69498712,2.100135878,4.312837938,3.044656185,-5.872485696,-293.6765187,-37.95044341,-48.62004579,-0.000997783,0.019271334,2.350353622,18,2,1,0,43413.83919,1511.666154,740.7164154,0.49,0.39,36,0.5,0: Broadleaf,1569605658,398.7315385,399.9156154,25.19993846,24.73263846,1000.013,83.13892308,0.200005769,30.21293846,33.32393077,34.33268462,0,0,9980.387692,1511.666154,353.8757692,1569605398,11:29:58,1,-0.512,0.292,399,26,0.45,0.19,-1.182947805,-0.070814007,0.020700788,1,0.53044139,-0.560140244,0.055401241,0,1,2,1/2,100,100,-0.512,0.292,2,1077.22,463.868,29.1148,28.0069,30.0014,27.6277,27.5586,28.9743,28.5625,99.2549,-999.9,400,25.0842,101.472,102.624
5,1569605664,153.5,20190927 11:34:23,11:34:23,1,3,1569605660,0.000124573,0.276103662,398.7411538,245.2229404,20.43642072,33.2303412,0.003298603,1.751213414,0.003295155,0.002059782,286.763778,32.86190723,33.21753846,5.114188648,48.6739628,2.099959911,4.314339311,3.014228737,-5.493677975,-283.0955405,-36.56041942,-38.3858599,-0.000998014,0.019275791,2.35071091,18,2,1,0,43422.58751,1500.595385,735.2917385,0.49,0.39,36,0.5,0: Broadleaf,1569605660,398.7411538,399.9139231,25.19806923,24.76091538,1000.021154,83.13810769,0.20002,30.21900769,33.21753846,34.18706154,0,0,9982.793846,1500.595385,350.5966923,1569605398,11:29:58,1,-0.512,0.292,399,26,0.45,0.19,-1.179316829,-0.027431498,0.023194858,1,0.509612488,-0.595765819,0.059203576,0,1,2,1/2,100,100,-0.512,0.292,2,1077.61,463.913,29.1226,28.0167,30.0014,27.6364,27.568,28.9771,28.2923,98.8766,-999.9,400,25.1,101.47,102.622
6,1569605668,158,20190927 11:34:28,11:34:28,1,3,1569605664,9.69663E-05,0.267638397,398.7708462,216.3707864,18.03168713,33.23235662,0.002611166,1.754417271,0.002609009,0.001630824,267.958362,32.75855615,33.0509,5.066573882,48.54844597,2.102498322,4.330722189,2.96407556,-4.276213565,-261.5993701,-33.70579019,-31.62301187,-0.0010014,0.019341188,2.355948688,18,2,1,0,43554.35856,1402.189231,687.0727231,0.49,0.39,36,0.5,0: Broadleaf,1569605664,398.7708462,399.8735385,25.22887692,24.88860769,1000.007538,83.13703077,0.199945692,30.28511538,33.0509,33.98011538,0,0,10016.79231,1402.189231,326.2308462,1569605398,11:29:58,1,-0.512,0.292,399,26,0.45,0.19,-1.160887805,0.393520976,0.049459588,0,0.443656098,-0.821753895,0.083836196,0,0,2,0/2,100,100,-0.512,0.292,2,1077.66,464.102,29.1373,28.0346,30.0014,27.6523,27.5843,28.983,27.9924,98.8766,-999.9,400,25.2352,101.466,102.619
7,1569605905,394.5,20190927 11:38:24,11:38:24,1,5,1569605901,5.07059E-05,0.032850949,399.745,335.0961133,27.92868661,33.31686756,0.001274557,1.752294034,0.001274042,0.000796322,321.109593,33.65948831,33.9958,5.341758446,49.12127733,2.174241704,4.426272731,3.167516743,-2.236131775,-314.5280658,-40.84036829,-36.49497285,-0.000999155,0.019297829,2.352476932,45,4,1,0,43406.32215,1680.322308,823.3579308,0.49,0.39,36,0.5,0: Broadleaf,1569605901,399.745,399.9362308,26.08715385,25.90937692,1000.013846,83.14516154,0.20014,30.66639231,33.9958,35.18583846,0,0,9993.359231,1680.322308,411.8653077,1569605815,11:36:54,2,-0.473,0.294,400,26,0.69,0.1,-0.057014261,-0.386312001,0.129578129,0,-0.019008269,1.278699973,0.134380498,0,0,2,0/2,100,100,-0.473,0.294,2,1047.51,478.357,29.7192,28.8417,30.0009,28.4265,28.3371,29.199,30.2281,95.8776,-999.9,400,25.8403,101.309,102.503
8,1569605909,398.5,20190927 11:38:28,11:38:28,1,5,1569605905,5.9968E-05,0.023332535,399.8079231,350.8402522,29.24084897,33.322069,0.001498412,1.753618588,0.001497701,0.000936127,322.285005,33.75634611,34.04512308,5.356473006,48.76871554,2.170010738,4.449595841,3.186462268,-2.644587175,-310.7332758,-40.34511461,-31.43797263,-0.001000555,0.019324869,2.354642459,44,4,1,0,43451.49495,1686.473077,826.3718077,0.49,0.39,36,0.5,0: Broadleaf,1569605905,399.8079231,399.9782308,26.03642308,25.82616154,1000.010769,83.14521538,0.199978846,30.75836923,34.04512308,35.23337692,0,0,10007.35538,1686.473077,413.6806923,1569605815,11:36:54,2,-0.473,0.294,400,26,0.69,0.1,-0.078646771,-0.70751954,0.137182986,0,0.051190195,1.362909097,0.141217379,0,0,2,0/2,100,100,-0.473,0.294,2,1048.39,478.458,29.7319,28.8516,30.0008,28.438,28.3467,29.201,29.5415,95.8776,-999.9,400,26.1038,101.308,102.502
9,1569605913,402.5,20190927 11:38:32,11:38:32,1,5,1569605909,4.50882E-05,0.010605171,399.8465385,360.1410572,30.01625488,33.32554113,0.001118105,1.753757314,0.001117709,0.000698604,324.482802,33.82479841,34.11222308,5.376547543,48.57386054,2.16653571,4.460291372,3.210011833,-1.988388611,-313.1273899,-40.67455962,-31.30753613,-0.001000702,0.019327703,2.354869318,44,4,1,0,43451.60414,1697.973846,832.0071846,0.49,0.39,36,0.5,0: Broadleaf,1569605909,399.8465385,399.9496154,25.99453077,25.83643846,1000.036462,83.14580769,0.200021077,30.80040769,34.11222308,35.2911,0,0,10008.75154,1697.973846,416.6082308,1569605815,11:36:54,2,-0.473,0.294,400,26,0.69,0.1,-0.075914334,-0.771332576,0.137873457,0,0.102095707,0.901323412,0.115824995,0,0,2,0/2,100,100,-0.473,0.294,2,1048.85,479.833,29.7446,28.8633,30.0009,28.4477,28.3568,29.2083,29.2413,95.4957,-999.9,400,26.1763,101.307,102.501
10,1569606066,556,20190927 11:41:06,11:41:06,1,7,1569606063,0.00022067,0.60782488,397.2345385,240.7678808,20.06693985,33.10774496,0.006948425,1.752299765,0.006933154,0.00433459,150.9927699,31.81003417,31.7723,4.713886344,49.55620405,2.170706909,4.380292943,2.543179435,-9.731544542,-121.7223955,-15.61869435,3.920135507,-0.000999161,0.019297946,2.3524863,37,4,1,0,43432.69722,790.1243846,387.1609485,0.49,0.39,36,0.5,0: Broadleaf,1569606063,397.2345385,399.7382308,26.04465385,25.27094615,1000.018,83.14564615,0.199938769,30.48382308,31.7723,31.94266923,0,0,9993.361538,790.1243846,166.9214615,1569605815,11:36:54,2,-0.473,0.294,400,26,0.69,0.1,-2.634480244,1.066196864,0.124554432,0,0.763427293,0.049290272,0.023448407,1,1,2,1/2,100,100,-0.473,0.294,2,1055.88,490.362,30.052,29.142,30.0006,28.7676,28.6835,29.44,34.0287,91.6804,-999.9,400,25.2622,101.253,102.461
11,1569606069,559,20190927 11:41:09,11:41:09,1,7,1569606065,2.14E-04,0.604227222,397.2736154,237.4500667,19.79034651,33.11088777,0.006740437,1.75260579,0.006726069,0.004205081,152.8325484,31.79868488,31.75117692,4.708244053,49.5961903,2.168567714,4.372448167,2.539676339,-9.427445287,-122.7066886,-15.73817376,4.960240721,-0.000999484,0.019304191,2.352986541,36,4,1,0,43450.65583,799.7516923,391.8783292,0.49,0.39,36,0.5,0: Broadleaf,1569606065,397.2736154,399.7545385,26.01907692,25.26952308,1000.012769,83.14533846,0.199959308,30.45250769,31.75117692,31.92441538,0,0,9996.632308,799.7516923,168.7463077,1569605815,11:36:54,2,-0.473,0.294,400,26,0.69,0.1,-2.582423415,0.745970383,0.094937889,0,0.756512024,0.017699373,0.025257733,1,1,2,1/2,100,100,-0.473,0.294,2,1056.7,490.577,30.0563,29.147,30.0008,28.7734,28.6898,29.4423,34.0287,91.3067,-999.9,400,25.2568,101.252,102.46
12,1569606072,562,20190927 11:41:12,11:41:12,1,7,1569606068,2.07E-04,0.611562663,397.3186923,231.1396508,19.26427557,33.11442564,0.006525164,1.752416913,0.006511696,0.004071018,157.1236401,31.75872898,31.73330769,4.703475504,49.79210943,2.16675825,4.351609671,2.536717255,-9.116027866,-128.8867495,-16.52434971,2.596512989,-0.000999285,0.019300336,2.352677789,36,4,1,0,43454.2673,822.2063846,402.8811285,0.49,0.39,36,0.5,0: Broadleaf,1569606068,397.3186923,399.8159231,25.99753846,25.27273846,1000.026308,83.14473846,0.200007923,30.36908462,31.73330769,31.91677692,0,0,9994.708462,822.2063846,172.909,1569605815,11:36:54,2,-0.473,0.294,400,26,0.69,0.1,-2.551617805,0.516485436,0.076046566,0,0.750095024,-0.106601352,0.030721893,0,0,2,0/2,100,100,-0.473,0.294,2,1057.05,490.985,30.0602,29.152,30.0007,28.7792,28.6957,29.4471,34.0287,91.3067,-999.9,400,25.0137,101.251,102.459
13,1569606245,735,20190927 11:44:05,11:44:05,1,9,1569606242,3.72E-05,-0.033796895,400.0966154,425.6468981,35.47537482,33.34589646,0.001154772,1.754173289,0.00115435,0.000721506,166.1278164,31.57289712,31.61483077,4.671965215,49.08041306,2.094569943,4.267629004,2.577395271,-1.64088027,-149.9437601,-19.16143528,-4.618259265,-0.001001142,0.019336202,2.355549623,24,2,1,0,43580.51546,869.324,425.96876,0.49,0.39,36,0.5,0: Broadleaf,1569606242,400.0966154,400.0285385,25.13143846,25.00085385,999.9881538,83.1447,0.199910231,30.02931538,31.61483077,31.50762308,0,0,10013.28615,869.324,206.9279231,1569606185,11:43:04,3,-0.468,0.29,400,26,0.37,0.06,0.040656106,0.174917897,0.040453945,0,0.041931113,0.871950782,0.08978585,0,0,2,0/2,100,100,-0.468,0.29,2,1071.02,496.663,29.9246,29.2749,30.0001,28.9544,28.8805,29.5463,36.6571,84.7877,-999.9,400,25.1203,101.241,102.445
14,1569606248,737.5,20190927 11:44:07,11:44:07,1,9,1569606244,3.66138E-05,-0.036636479,400.0984615,430.3917777,35.87074978,33.34597114,0.001132361,1.754125218,0.001131955,0.000707508,172.7891949,31.59525112,31.63923846,4.678441643,49.13704458,2.09211272,4.257709713,2.586328923,-1.614668792,-156.0793225,-19.94447558,-4.849271983,-0.001001091,0.019335219,2.355471001,23,2,1,0,43584.21559,904.1820769,443.0492177,0.49,0.39,36,0.5,0: Broadleaf,1569606244,400.0984615,400.0193077,25.10201538,24.97351538,1000.007846,83.1445,0.199912308,29.9888,31.63923846,31.52060769,0,0,10012.80154,904.1820769,214.8106154,1569606185,11:43:04,3,-0.468,0.29,400,26,0.37,0.06,0.043425006,0.239231186,0.042054551,0,0.062896369,0.702662579,0.077500844,0,0,2,0/2,100,100,-0.468,0.29,2,1071.3,496.754,29.9263,29.2764,30.0001,28.9559,28.8826,29.5472,36.3653,84.7877,-999.9,400,24.9712,101.242,102.446
15,1569606251,740.5,20190927 11:44:10,11:44:10,1,9,1569606247,2.97261E-05,-0.042107268,400.0981538,451.7890027,37.65423001,33.34607045,0.000911663,1.752513569,0.0009114,0.000569648,187.5162429,31.61823424,31.70883077,4.696950465,49.40873435,2.089254142,4.228511759,2.607696323,-1.310922885,-173.8241778,-22.22695071,-9.845808451,-0.000999387,0.019302309,2.352835787,23,2,1,0,43530.27489,981.2466923,480.8108792,0.49,0.39,36,0.5,0: Broadleaf,1569606247,400.0981538,399.9893846,25.06762308,24.96329231,1000.007231,83.14473077,0.199993846,29.86906154,31.70883077,31.56039231,0,0,9995.730769,981.2466923,232.7226923,1569606185,11:43:04,3,-0.468,0.29,400,26,0.37,0.06,0.051023133,0.422625037,0.04930035,0,0.087265957,0.321353435,0.049195388,0,0,2,0/2,100,100,-0.468,0.29,2,1072.14,496.752,29.9278,29.2764,30.0001,28.9578,28.8845,29.549,36.3653,84.3908,-999.9,400,24.9603,101.243,102.445
16,1569606442,932,20190927 11:47:22,11:47:22,1,11,1569606439,0.000195813,0.273799969,398.728,324.8634065,27.07382682,33.22963622,0.00748056,1.755292207,0.007462894,0.004665893,85.381863,29.21885273,29.05500769,4.034592043,49.30713386,1.926122587,3.906377103,2.108469456,-8.635351085,-52.72638407,-6.598512521,17.42161532,-0.001002326,0.019359078,2.35738002,80,8,1,0,43851.44066,446.7915385,218.9278538,0.49,0.39,36,0.5,0: Broadleaf,1569606439,398.728,399.9948462,23.11186923,22.42318462,999.9271538,83.13903846,0.200070462,28.49783077,29.05500769,29.00600769,0,0,10025.81538,446.7915385,118.1534615,1569606185,11:43:04,3,-0.468,0.29,400,26,0.37,0.06,-1.29577561,0.327613798,0.038461769,0,0.740879171,-0.618615282,0.068606714,0,0,2,0/2,100,100,-0.468,0.29,2,1008.66,486.277,29.4113,29.0064,29.9992,28.8291,28.7582,29.5088,41.651,72.0698,-999.9,400,22.465,101.318,102.472
17,1569606445,935,20190927 11:47:25,11:47:25,1,11,1569606441,0.000195924,0.269475015,398.7565385,325.8527483,27.15621009,33.23193187,0.007487145,1.753113027,0.007469426,0.00466998,85.0272696,29.22350101,29.04957692,4.033324846,49.27006291,1.925483776,3.908019722,2.10784107,-8.640253496,-51.46350721,-6.448531557,18.47497733,-0.00100002,0.019314545,2.353815802,80,8,1,0,43753.66268,444.936,218.01864,0.49,0.39,36,0.5,0: Broadleaf,1569606441,398.7565385,400.008,23.10426154,22.41517692,999.9218462,83.1388,0.200101462,28.50506923,29.04957692,29.00344615,0,0,10002.78077,444.936,117.6436923,1569606185,11:43:04,3,-0.468,0.29,400,26,0.37,0.06,-1.276312195,0.292137073,0.035093335,0,0.715656634,-0.379277038,0.048565468,0,0,2,0/2,100,100,-0.468,0.29,2,1008.82,486.229,29.3983,28.999,29.9991,28.8229,28.7527,29.5099,41.651,72.0698,-999.9,400,22.4633,101.32,102.474
18,1569606448,938,20190927 11:47:28,11:47:28,1,11,1569606444,0.000195415,0.263681247,398.7822308,326.9303576,27.24586776,33.23389116,0.007465732,1.752226536,0.007448105,0.004656646,84.6535662,29.23180249,29.04793077,4.032940807,49.21403376,1.924555874,3.910583481,2.108384932,-8.617791844,-50.21523862,-6.295604696,19.52493104,-0.000999084,0.019296452,2.352366604,80,8,1,0,43712.70458,442.9804615,217.0604262,0.49,0.39,36,0.5,0: Broadleaf,1569606444,398.7822308,400.0120769,23.09325385,22.40597692,999.9568462,83.13845385,0.199991538,28.51636154,29.04793077,28.9989,0,0,9993.452308,442.9804615,117.1094615,1569606185,11:43:04,3,-0.468,0.29,400,26,0.37,0.06,-1.259379512,0.290436376,0.035026472,0,0.696696634,-0.151708578,0.026024383,0,0,2,0/2,100,100,-0.468,0.29,2,1008.63,486.31,29.3857,28.9915,29.9991,28.8174,28.7478,29.5092,41.377,71.6993,-999.9,400,22.4698,101.323,102.475
19,1569606753,1242.5,20190927 11:52:32,11:52:32,1,13,1569606749,5.5499E-05,-0.097000366,400.2879231,453.6281517,37.80757029,33.36193694,0.002200168,1.751653351,0.002198634,0.001374284,142.9290849,28.45429612,27.94674615,3.78307448,48.49629959,1.749063484,3.606591633,2.034010997,-2.447507518,-77.1237223,-9.553263441,53.80459164,-0.000998478,0.019284761,2.351429811,58,6,1,0,43889.22431,747.9282308,366.4848331,0.49,0.39,36,0.5,0: Broadleaf,1569606749,400.2879231,400.0186923,20.98586154,20.79025385,999.9792308,83.14483077,0.200019308,27.13006154,27.94674615,27.77359231,0,0,9986.631538,747.9282308,203.1773846,1569606185,11:43:04,3,-0.468,0.29,400,26,0.37,0.06,0.285704829,0.039220077,0.030266402,1,0.231283829,-0.159429115,0.032316264,0,1,2,1/2,100,100,-0.468,0.29,2,1032.32,465.692,28.0047,28.1676,29.9991,28.1277,28.0917,29.3962,41.276,50.7168,-999.9,400,21.2661,101.508,102.566
20,1569606756,1246,20190927 11:52:36,11:52:36,1,13,1569606752,3.23254E-05,-0.094818838,400.2933846,502.2176999,41.85745894,33.36255157,0.001259904,1.752366939,0.001259401,0.000787171,153.0543567,28.5666132,28.09971538,3.816955346,48.47638374,1.749142365,3.608236074,2.067812981,-1.425549985,-90.87270857,-11.26079456,49.49530359,-0.000999232,0.019299317,2.352596101,58,6,1,0,43919.87583,800.9123846,392.4470685,0.49,0.39,36,0.5,0: Broadleaf,1569606752,400.2933846,399.9986154,20.98670769,20.87277692,999.986,83.14521538,0.200033,27.13783077,28.09971538,27.88983846,0,0,9994.123077,800.9123846,227.7386923,1569606185,11:43:04,3,-0.468,0.29,400,26,0.37,0.06,0.296825854,0.024249115,0.029956047,1,0.200041837,-0.696911349,0.076998,0,1,2,1/2,100,100,-0.468,0.29,2,1032.5,465.428,27.9935,28.1593,29.9993,28.1194,28.0847,29.3978,40.9978,50.3272,-999.9,400,21.2749,101.509,102.566
21,1569606762,1251.5,20190927 11:52:41,11:52:41,1,13,1569606758,-4.6819E-06,-0.07410724,400.2875385,-268.7020286,-22.39519862,33.36230461,-0.000177968,1.753315458,-0.000177978,-0.000111235,162.7152261,28.71448363,28.35777692,3.87471311,48.55359409,1.756277828,3.61719428,2.118435281,0.206471654,-111.3196085,-13.80776636,37.79432294,-0.001000234,0.019318678,2.354146786,58,6,1,0,43955.96025,851.4663846,417.2185285,0.49,0.39,36,0.5,0: Broadleaf,1569606758,400.2875385,400.014,21.07216923,21.08866923,999.9794615,83.14586923,0.199979462,27.1801,28.35777692,28.09014615,0,0,10004.07077,851.4663846,254.0276154,1569606185,11:43:04,3,-0.468,0.29,400,26,0.37,0.06,0.292462537,-0.179067805,0.036090601,0,0.128218985,-1.042350716,0.108718904,0,0,2,0/2,100,100,-0.468,0.29,2,1032.65,465.073,27.9762,28.1461,29.9992,28.1062,28.0727,29.3956,40.9978,49.9455,-999.9,400,21.2625,101.513,102.567
22,1569606952,1441.5,20190927 11:55:51,11:55:51,1,15,1569606948,9.70909E-05,0.167086105,399.3073077,295.6503613,24.63950889,33.27828153,0.00310242,1.753568958,0.003099374,0.001937382,315.245028,30.56639653,30.32899231,4.341625721,49.18259492,1.82754741,3.715841779,2.514078311,-4.281706552,-254.2486901,-31.91602683,24.79860453,-0.001000502,0.019323855,2.354561301,23,2,1,0,43899.92688,1649.633846,808.3205846,0.49,0.39,36,0.5,0: Broadleaf,1569606948,399.3073077,400.0483846,21.92880769,21.58694615,1000.002385,83.14002308,0.200003231,27.63962308,30.32899231,30.7501,0,0,10007.45538,1649.633846,348.0981538,1569606185,11:43:04,3,-0.468,0.29,400,26,0.37,0.06,-0.739877195,0.050706272,0.021983759,1,0.202864268,0.905076669,0.097418931,0,1,2,1/2,100,100,-0.468,0.29,2,1071.19,467.197,27.7525,27.9541,30.0002,27.8671,27.8481,29.4401,39.7421,36.727,-999.9,400,21.7051,101.558,102.579
23,1569606954,1443.5,20190927 11:55:53,11:55:53,1,15,1569606950,9.67E-05,0.166440346,399.313,294.6380345,24.55494362,33.27848768,0.003059382,1.75378353,0.00305642,0.001910528,319.011315,30.63240178,30.41669231,4.36349111,49.03403152,1.825310723,3.722538545,2.538180387,-4.263402693,-259.6589671,-32.61041076,22.4785344,-0.001000729,0.019328238,2.35491219,23,2,1,0,43904.96116,1669.342308,817.9777308,0.49,0.39,36,0.5,0: Broadleaf,1569606950,399.313,400.0511538,21.90214615,21.56173846,1000.007385,83.13933846,0.200016077,27.67043077,30.41669231,30.83394615,0,0,10009.80769,1669.342308,352.1087692,1569606185,11:43:04,3,-0.468,0.29,400,26,0.37,0.06,-0.735633049,0.011709993,0.019352901,1,0.22380639,0.910724007,0.09782951,0,1,2,1/2,100,100,-0.468,0.29,2,1071.4,467.163,27.7548,27.9553,30.0001,27.8671,27.8481,29.438,39.4586,36.3517,-999.9,400,21.8213,101.558,102.578
24,1569606957,1446.5,20190927 11:55:56,11:55:56,1,15,1569606953,8.97E-05,0.169260787,399.3076923,285.232395,23.77092598,33.27782455,0.002806847,1.753537078,0.002804354,0.001752945,315.856695,30.67702489,30.518,4.388868552,48.74389515,1.822083018,3.7380743,2.566785534,-3.956454636,-262.4607606,-32.99519837,16.44428138,-0.001000469,0.019323204,2.354509169,22,2,1,0,43883.57967,1652.834615,809.8889615,0.49,0.39,36,0.5,0: Broadleaf,1569606953,399.3076923,400.046,21.86356154,21.54764615,999.9971538,83.1388,0.200001615,27.74171538,30.518,30.927,0,0,10007.26538,1652.834615,348.2248462,1569606185,11:43:04,3,-0.468,0.29,400,26,0.37,0.06,-0.734890951,-0.078606,0.019541704,1,0.250083293,0.765571171,0.090098373,0,1,2,1/2,100,100,-0.468,0.29,2,1072.18,467.299,27.7586,27.956,30.0002,27.8671,27.8481,29.4392,38.8639,36.3517,-999.9,400,21.879,101.558,102.578
25,1569607944,2433.4,20190927 12:12:23,12:12:23,2,3,1569607940,5.56E-05,0.313197465,398.8256154,98.08903452,8.1731271,33.23156825,0.001740579,1.753959187,0.00173962,0.001087348,283.438638,30.96906634,30.72735385,4.441719159,48.62781017,1.880813263,3.867772897,2.560905896,-2.450848049,-226.9812256,-28.64056391,25.36600042,-0.001000915,0.019331827,2.355199459,31,3,1,0,43816.75996,1483.195385,726.7657385,0.49,0.39,36,0.5,0: Broadleaf,1569607940,398.8256154,400.0329231,22.57240769,22.37685385,999.9966154,83.12353846,0.200016923,28.32694615,30.72735385,30.82386923,0,0,10013.56923,1483.195385,1645.095385,1569607882,12:11:21,4,-0.23,0.29,400,26,0.3,0.06,-1.170007073,-0.374488014,0.04355753,0,0.19218061,0.0451237,0.017423305,1,1,2,1/2,100,100,-0.23,0.29,2,1063.18,449.351,27.6081,28.75,30.0006,28.6022,28.5702,29.2967,36.6023,14.1282,-999.9,400,22.4411,101.369,102.426
26,1569607947,2436.4,20190927 12:12:26,12:12:26,2,3,1569607943,6.37078E-05,0.316449494,398.8038462,125.4644106,10.45412567,33.22970638,0.001951132,1.752793682,0.001949927,0.001218812,305.911851,31.2058847,30.96715385,4.502936254,48.65758668,1.884952363,3.873912562,2.617983891,-2.809515542,-246.9131077,-31.21768494,24.97154285,-0.000999683,0.019308025,2.353293702,30,3,1,0,43761.06229,1600.794615,784.3893615,0.49,0.39,36,0.5,0: Broadleaf,1569607943,398.8038462,400.0345385,22.62211538,22.39795385,999.9925385,83.12344615,0.199988923,28.35422308,30.96715385,31.08246923,0,0,10001.25154,1600.794615,1771.842308,1569607882,12:11:21,4,-0.23,0.29,400,26,0.3,0.06,-1.19109,-0.330828293,0.038576409,0,0.200159366,0.148281554,0.024976216,0,0,2,0/2,100,100,-0.23,0.29,2,1063.74,449.359,27.621,28.7537,30.0005,28.6052,28.5732,29.2948,36.6023,14.1282,-999.9,400,22.4387,101.369,102.425
27,1569607950,2439.9,20190927 12:12:30,12:12:30,2,3,1569607946,7.18537E-05,0.319871143,398.772,143.1777595,11.9301306,33.22724184,0.002125479,1.751579588,0.002124047,0.001327658,331.90248,31.50725985,31.33666923,4.598706392,48.61489502,1.889716392,3.887114004,2.708989999,-3.168747572,-276.1094442,-35.00755154,17.61673671,-0.0009984,0.019283256,2.351309266,30,3,1,0,43698.73303,1736.8,851.032,0.49,0.39,36,0.5,0: Broadleaf,1569607946,398.772,400.0266923,22.67916154,22.42635385,999.9963846,83.12386923,0.200039769,28.41274615,31.33666923,31.47143846,0,0,9988.370769,1736.8,1919.376154,1569607882,12:11:21,4,-0.23,0.29,400,26,0.3,0.06,-1.20911,-0.375884739,0.041941609,0,0.212625927,0.23331023,0.032167536,0,0,2,0/2,100,100,-0.23,0.29,2,1063.91,449.173,27.6364,28.7592,30.0005,28.6095,28.5768,29.2946,36.6023,13.7284,-999.9,400,22.4342,101.369,102.424
28,1569608184,2673.9,20190927 12:16:24,12:16:24,2,1,1569608181,9.43181E-05,0.037019045,399.7508462,362.3671135,30.19394605,33.30891527,0.003125282,1.752861483,0.003122189,0.001951646,75.3956238,28.85170486,29.13780769,4.053955352,42.30751852,1.622558483,3.835153986,2.431396869,-4.159428868,-90.38151043,-11.31346789,-30.45878339,-0.000999754,0.019309409,2.353404546,22,2,1,0,43789.20146,394.5349231,193.3221123,0.49,0.39,36,0.5,0: Broadleaf,1569608181,399.7508462,400.0198462,19.47283846,19.13990769,1000.007615,83.12423846,0.199951077,28.18139231,29.13780769,29.17208462,0,0,10001.87308,394.5349231,550.8974615,1569607882,12:11:21,4,-0.23,0.29,400,26,0.3,0.06,-0.269891463,0.047563192,0.016578329,1,0.351078951,-0.163986857,0.016490332,0,1,2,1/2,100,100,-0.23,0.29,2,1072.85,430.962,28.4699,29.1424,30.0002,28.9337,28.8865,29.1086,48.4228,0,-999.9,400,19.0553,101.309,102.384
29,1569608187,2676.9,20190927 12:16:27,12:16:27,2,1,1569608183,9.28E-05,0.035310657,399.7473077,363.0468937,30.25065702,33.30869623,0.003085332,1.753044545,0.003082319,0.00192672,75.235188,28.81196857,29.10669231,4.046669338,42.41128128,1.622865989,3.826496016,2.42380335,-4.093300746,-91.11867759,-11.40058666,-31.37737699,-0.000999948,0.019313147,2.353703835,21,2,1,0,43802.97733,393.6953846,192.9107385,0.49,0.39,36,0.5,0: Broadleaf,1569608183,399.7473077,400.008,19.47648462,19.14884615,1000.001615,83.12436923,0.200009923,28.14257692,29.10669231,29.14628462,0,0,10003.79308,393.6953846,549.6806154,1569607882,12:11:21,4,-0.23,0.29,400,26,0.3,0.06,-0.264029098,0.059805136,0.017733635,1,0.342930634,-0.137842014,0.013734023,0,1,2,1/2,100,100,-0.23,0.29,2,1073.6,430.705,28.4738,29.1436,30.0001,28.9355,28.8865,29.1079,48.6937,0,-999.9,400,19.0472,101.309,102.384
30,1569608190,2679.9,20190927 12:16:30,12:16:30,2,1,1569608186,9.42E-05,0.035588085,399.7477692,363.2892548,30.27084759,33.30873026,0.003140905,1.754076779,0.003137784,0.001961395,75.0896139,28.76154625,29.07179231,4.038510703,42.53875231,1.623181765,3.815771917,2.415328938,-4.152187174,-92.42860051,-11.55290218,-33.04407596,-0.00100104,0.01933423,2.355391778,22,2,1,0,43855.84657,392.9336154,192.5374715,0.49,0.39,36,0.5,0: Broadleaf,1569608186,399.7477692,400.0113846,19.48027692,19.14792308,999.9918462,83.1244,0.199968077,28.09439231,29.07179231,29.11820769,0,0,10014.71,392.9336154,548.5743846,1569607882,12:11:21,4,-0.23,0.29,400,26,0.3,0.06,-0.264052171,0.038066948,0.016440201,1,0.33824239,-0.086472272,0.010875998,1,2,2,2/2,100,100,-0.23,0.29,2,1072.77,430.815,28.477,29.1436,30.0001,28.9361,28.8882,29.1075,48.6937,0,-999.9,400,19.057,101.309,102.384
31,1569608376,2865.9,20190927 12:19:36,12:19:36,2,5,1569608373,-7.90E-04,0.532221167,399.1663077,410.1761771,34.17520049,33.25787638,-0.030616191,1.751862901,-0.030916598,-0.019295639,78.4471821,27.36466392,27.08236154,3.596509749,44.62915404,1.53246664,3.43377927,2.064043109,34.84863537,-74.28502536,-9.122753532,29.88803858,-0.0009987,0.019289034,2.35177227,134,13,1,0,44020.34578,410.5033077,201.1466208,0.49,0.39,36,0.5,0: Broadleaf,1569608373,399.1663077,399.9467692,18.39290769,21.1854,999.9893846,83.11840769,0.199937923,26.29583077,27.08236154,27.04976154,0,0,9992.02,410.5033077,604.4924615,1569607882,12:11:21,4,-0.23,0.29,400,26,0.3,0.06,-1.665431756,1.268125338,1.159913409,0,-3.833802683,-3.962003268,2.368154989,0,0,2,0/2,100,100,-0.23,0.29,2,948.273,435.048,27.8788,28.9106,29.9992,28.8181,28.7608,29.1554,42.9139,0,-999.9,400,21.251,101.378,102.406
32,1569608475,2964.9,20190927 12:21:15,12:21:15,2,5,1569608472,2.22727E-05,-0.009208377,400.007,400.4978793,33.36482336,33.323929,0.000957492,1.751656934,0.000957202,0.000598277,77.5190976,26.89371516,26.90813846,3.559894624,49.35738598,1.682421395,3.408651738,1.877473229,-0.982225206,-69.56542163,-8.531392186,-1.559941421,-0.000998482,0.019284834,2.351435666,94,9,1,0,44029.22309,405.6467692,198.7669169,0.49,0.39,36,0.5,0: Broadleaf,1569608472,400.007,400.0059231,20.19510769,20.11654615,1000.010615,83.10829231,0.200072308,26.17149231,26.90813846,27.39717692,0,0,9991.06,405.6467692,836.1292308,1569608419,12:20:18,5,-0.231,0.169,400,21,0.35,0.05,0.016610484,-0.212635773,0.051960197,0,0.04586937,0.332590023,0.037714018,0,0,2,0/2,100,100,-0.231,0.169,2,992.904,433.744,27.321,28.6092,29.9989,28.5804,28.542,29.1581,46.1304,0,-999.9,400,20.1776,101.445,102.441
33,1569608478,2967.4,20190927 12:21:17,12:21:17,2,5,1569608474,1.80764E-05,-0.012722167,400.0065385,411.1222133,34.24986514,33.32383791,0.000776153,1.751655548,0.000775962,0.000484993,77.5659906,26.90336773,26.91091538,3.560475667,49.28871595,1.680822423,3.410156647,1.879653244,-0.797168483,-69.12224729,-8.477483501,-0.830908678,-0.000998481,0.019284805,2.3514334,93,9,1,0,44028.05862,405.8921538,198.8871554,0.49,0.39,36,0.5,0: Broadleaf,1569608474,400.0065385,399.9867692,20.17594615,20.11218462,1000.007692,83.10813846,0.200094538,26.17896154,26.91091538,27.42355385,0,0,9991.063846,405.8921538,849.7353846,1569608419,12:20:18,5,-0.231,0.169,400,21,0.35,0.05,0.010857553,0.073682425,0.045182497,1,0.053272956,0.209383292,0.032701039,0,1,2,1/2,100,100,-0.231,0.169,2,993.858,433.734,27.309,28.6009,29.9989,28.5728,28.5365,29.1592,46.1304,0,-999.9,400,20.1842,101.447,102.442
34,1569608482,2971.4,20190927 12:21:21,12:21:21,2,5,1569608478,1.20266E-05,-0.009532845,399.9966154,414.3677831,34.51994106,33.32271511,0.000516198,1.753593801,0.000516114,0.000322579,77.6379471,26.86577932,26.90306154,3.558832544,49.34052832,1.678606246,3.402084055,1.880226298,-0.530372565,-72.24727618,-8.848834144,-3.988535788,-0.001000529,0.019324363,2.354601925,92,9,1,0,44120.569,406.2686923,199.0716592,0.49,0.39,36,0.5,0: Broadleaf,1569608478,399.9966154,399.9796154,20.14952308,20.1071,1000.006,83.10738462,0.200108077,26.13886154,26.90306154,27.45481538,0,0,10011.64846,406.2686923,870.4263846,1569608419,12:20:18,5,-0.231,0.169,400,21,0.35,0.05,0.006737683,0.109075351,0.039129653,0,0.060659651,-0.07255879,0.021475711,1,1,2,1/2,100,100,-0.231,0.169,2,995.034,433.659,27.2892,28.5881,29.999,28.5628,28.5268,29.1586,46.1304,0,-999.9,400,20.1842,101.45,102.445
35,1569608622,3111.4,20190927 12:23:41,12:23:41,2,7,1569608618,6.43922E-05,0.323744126,398.7739231,199.7074743,16.63673937,33.22007777,0.002759037,1.752058306,0.002756626,0.001723108,101.2680501,26.82110555,26.92973077,3.564414775,50.09918771,1.679724246,3.352797365,1.884690529,-2.83969599,-98.00055688,-12.00039768,-11.57260045,-0.000998906,0.01929302,2.352091638,42,4,1,0,44088.24895,529.9217692,259.6616669,0.49,0.39,36,0.5,0: Broadleaf,1569608618,398.7739231,400.0318462,20.16341538,19.93627692,999.9970769,83.10553846,0.200003462,25.89221538,26.92973077,27.03728462,0,0,9995.632308,529.9217692,739.5207692,1569608419,12:20:18,5,-0.231,0.169,400,21,0.35,0.05,-1.230605366,-0.103353659,0.026789071,0,0.104200163,1.1180524,0.11252264,0,0,2,0/2,100,100,-0.231,0.169,2,1050.94,430.561,26.7673,28.1775,29.9994,28.2159,28.2033,29.1925,46.1152,0,-999.9,400,19.7982,101.538,102.489
36,1569608623,3112.9,20190927 12:23:43,12:23:43,2,7,1569608619,6.43502E-05,0.320580838,398.7706154,201.2743818,16.76727427,33.2198078,0.002755629,1.75286348,0.002753225,0.001720981,101.2610676,26.81894778,26.92751538,3.563950774,50.05706081,1.6781398,3.352453725,1.885810974,-2.83784227,-97.99979757,-11.99455522,-11.57112746,-0.000999757,0.01930945,2.353407811,41,4,1,0,44124.51584,529.8852308,259.6437631,0.49,0.39,36,0.5,0: Broadleaf,1569608619,398.7706154,400.0170769,20.14439231,19.9174,1000.007154,83.10554615,0.200009769,25.89048462,26.92751538,27.03699231,0,0,10004.14385,529.8852308,739.4864615,1569608419,12:20:18,5,-0.231,0.169,400,21,0.35,0.05,-1.228734634,-0.072492334,0.027952558,1,0.119460851,1.020530897,0.104530154,0,1,2,1/2,100,100,-0.231,0.169,2,1051.16,430.653,26.7641,28.1739,29.9994,28.213,28.2006,29.1932,46.1152,0,-999.9,400,19.7929,101.539,102.489
37,1569608626,3115.9,20190927 12:23:46,12:23:46,2,7,1569608622,6.02346E-05,0.310405957,398.7605385,194.6916641,16.21893626,33.21904812,0.002575668,1.753370053,0.002573568,0.001608668,101.4812883,26.82623957,26.92270769,3.562944009,49.93609598,1.674455949,3.353197553,1.88848806,-2.656345427,-97.21954394,-11.89555547,-10.29015653,-0.001000292,0.019319793,2.354236054,40,4,1,0,44146.63113,531.0376154,260.2084315,0.49,0.39,36,0.5,0: Broadleaf,1569608622,398.7605385,399.9644615,20.10012308,19.88763846,1000.006154,83.10573846,0.200017538,25.89423077,26.92270769,27.03652308,0,0,10009.47923,531.0376154,740.804,1569608419,12:20:18,5,-0.231,0.169,400,21,0.35,0.05,-1.21472,0.068835052,0.039400067,1,0.155793195,0.679950135,0.078327776,0,1,2,1/2,100,100,-0.231,0.169,2,1052.35,430.558,26.7581,28.1675,29.9995,28.2058,28.1946,29.1965,46.1152,0,-999.9,400,19.7758,101.541,102.489
38,1569608841,3331,20190927 12:27:21,12:27:21,2,9,1569608838,1.60433E-06,0.01476462,399.9002308,-61.56769711,-5.129704672,33.31893474,5.21336E-05,1.754087782,5.21327E-05,3.2583E-05,354.379809,29.48637053,29.41480769,4.119323786,48.29935503,1.643980556,3.403731903,2.47534323,-0.07075079,-309.0196536,-38.31860564,6.970798951,-0.001001051,0.019334455,2.355409774,46,5,1,0,44141.68653,1854.420769,908.6661769,0.49,0.39,36,0.5,0: Broadleaf,1569608838,399.9002308,399.9556923,19.73136923,19.72570769,1000.013462,83.11810769,0.200010615,26.14705385,29.41480769,30.12393846,0,0,10015.58462,1854.420769,2048.199231,1569608809,12:26:49,6,-0.159,0.149,400,20,0.31,0.09,-0.07086182,0.113536779,0.023358402,0,0.011706367,-0.020337584,0.006691581,1,1,2,1/2,100,100,-0.159,0.149,2,1045.9,430.656,26.3418,27.7903,29.9996,27.8154,27.8056,29.2843,43.542,0,-999.9,400,20.0707,101.622,102.532
39,1569608846,3335.5,20190927 12:27:25,12:27:25,2,9,1569608842,-1.6266E-05,0.006141903,399.9243846,398.8492395,33.23040386,33.31998033,-0.00052749,1.752394214,-0.000527578,-0.000329729,351.718962,29.4996478,29.4431,4.126051838,48.28705008,1.646300301,3.409403345,2.479751537,0.717328751,-308.7329235,-38.33083972,5.372527529,-0.000999261,0.019299873,2.352640685,45,5,1,0,44061.76689,1840.496923,901.8434923,0.49,0.39,36,0.5,0: Broadleaf,1569608842,399.9243846,399.9230769,19.75978462,19.81718462,1000.006385,83.11553077,0.200169923,26.17522308,29.4431,30.15943846,0,0,9997.980769,1840.496923,2032.922308,1569608809,12:26:49,6,-0.159,0.149,400,20,0.31,0.09,-0.046610031,0.388661605,0.045989583,0,-0.010424139,-0.325920061,0.040828839,0,0,2,0/2,100,100,-0.159,0.149,2,1047.25,430.679,26.3448,27.786,29.9998,27.8095,27.8003,29.2894,43.2473,0,-999.9,400,20.0997,101.623,102.531
40,1569608852,3341.5,20190927 12:27:31,12:27:31,2,9,1569608848,-3.60931E-05,0.008814526,399.9172308,392.4036997,32.69304473,33.31903323,-0.001167473,1.751795889,-0.001167905,-0.000729902,352.327101,29.50353484,29.49885385,4.139338427,48.54737282,1.654085067,3.407156703,2.48525336,1.591706573,-314.9464631,-39.12438672,-0.152042233,-0.000998629,0.019287667,2.351662753,44,4,1,0,44036.66455,1843.679231,903.4028231,0.49,0.39,36,0.5,0: Broadleaf,1569608848,399.9172308,399.897,19.85343077,19.98078462,1000.013538,83.11489231,0.199930538,26.16406923,29.49885385,30.23995385,0,0,9991.734615,1843.679231,2034.863846,1569608809,12:26:49,6,-0.159,0.149,400,20,0.31,0.09,-0.015994934,0.313176085,0.04350031,0,-0.052706688,-0.600248961,0.0626673,0,0,2,0/2,100,100,-0.159,0.149,2,1048.71,431.016,26.35,27.7813,29.9998,27.8024,27.7944,29.2939,43.2473,0,-999.9,400,20.0938,101.624,102.532
41,1569609001,3491,20190927 12:30:01,12:30:01,2,11,1569608998,1.28351E-05,0.369415266,398.5960769,-847.6892435,-70.61824619,33.20574858,0.000470621,1.75243836,0.000470551,0.000294101,393.409485,31.69667034,29.16675385,4.060743683,49.26277365,1.869289036,3.794526571,2.191454648,-0.56602592,-110.3656581,-13.80775858,268.6700424,-0.000999307,0.019300774,2.352712847,74,7,1,0,43796.6231,2058.657692,1008.742269,0.49,0.39,36,0.5,0: Broadleaf,1569608998,398.5960769,399.9443846,22.43862308,22.39345385,1000.003615,83.10665385,0.200108308,27.99858462,29.16675385,28.58906923,0,0,9999.515385,2058.657692,1782.518462,1569608809,12:26:49,6,-0.159,0.149,400,20,0.31,0.09,-1.354147561,0.083705017,0.026272262,1,0.023971965,0.246581896,0.031953702,0,1,2,1/2,100,100,-0.159,0.149,2,1014.71,433.219,26.7721,27.7849,30.0003,27.7621,27.7446,29.362,37.321,0,-999.9,400,22.4396,101.609,102.518
42,1569609003,3493,20190927 12:30:03,12:30:03,2,11,1569608999,1.3395E-05,0.368041486,398.5961538,-792.9580596,-66.05829946,33.20551923,0.000490719,1.752431706,0.000490643,0.000306659,393.221325,31.72637249,29.18026923,4.063916648,49.20588634,1.870597128,3.801571859,2.193319519,-0.590717518,-108.6355814,-13.59442521,270.4006008,-0.0009993,0.019300638,2.35270197,74,7,1,0,43791.68514,2057.673077,1008.259808,0.49,0.39,36,0.5,0: Broadleaf,1569608999,398.5961538,399.9403077,22.45448462,22.40734615,1000.012308,83.10606923,0.200101462,28.03040769,29.18026923,28.59576923,0,0,9999.515385,2057.673077,1781.456154,1569608809,12:26:49,6,-0.159,0.149,400,20,0.31,0.09,-1.352507805,0.073110523,0.026387224,1,0.033511409,0.113445665,0.015979655,0,1,2,1/2,100,100,-0.159,0.149,2,1015.04,433.379,26.7816,27.7853,30.0003,27.7619,27.7446,29.3622,37.321,0,-999.9,400,22.4396,101.61,102.517
43,1569609006,3496,20190927 12:30:06,12:30:06,2,11,1569609002,1.54675E-05,0.375716892,398.5833846,-659.1874354,-54.91366949,33.20402525,0.000565353,1.751520446,0.000565252,0.000353292,392.967015,31.79852505,29.21197692,4.071369048,49.06094717,1.873146378,3.817998807,2.198222671,-0.682117464,-104.5855144,-13.10129934,274.5980838,-0.000998338,0.019282051,2.351212619,74,7,1,0,43740.4563,2056.342308,1007.607731,0.49,0.39,36,0.5,0: Broadleaf,1569609002,398.5833846,399.9581538,22.48537692,22.43094615,1000.004308,83.10511538,0.199975923,28.10440769,29.21197692,28.61410769,0,0,9990,2056.342308,1780.163846,1569608809,12:26:49,6,-0.159,0.149,400,20,0.31,0.09,-1.356798049,-0.150909408,0.033412451,0,0.042135139,0.08372234,0.012290501,1,1,2,1/2,100,100,-0.159,0.149,2,1015.56,433.155,26.796,27.7867,30.0003,27.7613,27.7446,29.3632,37.321,0,-999.9,400,22.5115,101.609,102.517
44,1569609222,3712,20190927 12:33:42,12:33:42,2,13,1569609219,5.85131E-05,0.207777238,399.1603846,215.4280231,17.94678225,33.25307637,0.001967022,1.753447813,0.001965797,0.001228733,379.101681,32.13049914,30.31956923,4.339282046,49.73367989,1.953231538,3.927381891,2.386050509,-2.580429758,-163.4812492,-20.61919243,192.4208096,-0.001000374,0.019321381,2.354363205,30,3,1,0,43755.4823,1983.786923,972.0555923,0.49,0.39,36,0.5,0: Broadleaf,1569609219,399.1603846,399.9924615,23.44603077,23.24032308,1000.003846,83.10741538,0.200141308,28.59019231,30.31956923,29.45359231,0,0,10010.1,1983.786923,1703.095385,1569609193,12:33:12,7,-0.079,0.222,400,23,0.23,0.2,-0.805506268,-0.19500439,0.031545742,0,0.154400356,0.270163006,0.039083453,0,0,2,0/2,100,100,-0.079,0.222,2,1063.29,435.105,27.5565,27.876,30.0002,27.7704,27.7393,29.447,33.654,0,-999.9,400,23.1443,101.6,102.497
45,1569609226,3715.5,20190927 12:33:45,12:33:45,2,13,1569609222,7.4179E-05,0.192890289,399.2015385,259.2377322,21.59621137,33.25611874,0.002485878,1.752482448,0.002483921,0.001552626,379.271907,32.25265765,30.34516154,4.345649845,49.33684984,1.951841354,3.95615318,2.393808491,-3.271295059,-153.9221845,-19.4388137,202.6396137,-0.000999354,0.019301674,2.352784915,30,3,1,0,43694.43318,1984.677692,972.4920692,0.49,0.39,36,0.5,0: Broadleaf,1569609222,399.2015385,400.0025385,23.42961538,23.16883077,1000.012,83.1065,0.200089615,28.71600769,30.34516154,29.48316923,0,0,10000,1984.677692,1704.205385,1569609193,12:33:12,7,-0.079,0.222,400,23,0.23,0.2,-0.807585171,0.038960132,0.029170461,1,0.180695527,0.652651219,0.066235196,0,1,2,1/2,100,100,-0.079,0.222,2,1063.53,435.204,27.5684,27.8776,30.0001,27.7704,27.7376,29.4449,33.654,0,-999.9,400,23.1676,101.6,102.498
46,1569609228,3718,20190927 12:33:48,12:33:48,2,13,1569609224,8.31278E-05,0.185618104,399.2206154,275.954354,22.98871277,33.25755845,0.002775677,1.751788044,0.002773236,0.001733492,379.475502,32.32994594,30.37322308,4.352641386,49.06741605,1.949995997,3.974115928,2.402645389,-3.665937091,-149.1310832,-18.8511269,207.8273548,-0.00099862,0.019287507,2.351649932,30,3,1,0,43652.36088,1985.743077,973.0141077,0.49,0.39,36,0.5,0: Broadleaf,1569609224,399.2206154,400.0083077,23.40756923,23.11531538,1000.004692,83.10626923,0.199945846,28.79415385,30.37322308,29.50256154,0,0,9992.688462,1985.743077,1705.212308,1569609193,12:33:12,7,-0.079,0.222,400,23,0.23,0.2,-0.80595878,0.032463617,0.028145079,1,0.20247071,0.72389308,0.072707744,0,1,2,1/2,100,100,-0.079,0.222,2,1063.84,435.574,27.5773,27.8776,30.0002,27.7704,27.7376,29.4455,33.2317,0,-999.9,400,23.3318,101.6,102.498
47,1569609351,3840.5,20190927 12:35:50,12:35:50,2,15,1569609347,2.96298E-05,0.283887943,398.9267692,-110.5300827,-9.206562423,33.22845792,0.000905219,1.751604778,0.000904959,0.000565623,314.156199,31.32646081,31.11583077,4.541259041,49.47977143,1.919834877,3.880039905,2.621424164,-1.306674067,-258.2184531,-32.69773969,21.93333214,-0.000998427,0.01928377,2.351350432,93,9,1,0,43703.76812,1643.936154,805.5287154,0.49,0.39,36,0.5,0: Broadleaf,1569609347,398.9267692,399.9913077,23.04872308,22.94451538,1000.009923,83.09459231,0.200038385,28.38140769,31.11583077,31.75076154,0,0,9992.156154,1643.936154,1704.083846,1569609193,12:33:12,7,-0.079,0.222,400,23,0.23,0.2,-1.063746585,0.048232265,0.02020987,1,0.051706579,0.828657268,0.114256369,0,1,2,1/2,100,100,-0.079,0.222,2,993.918,436.898,27.7821,27.9367,30.0003,27.8044,27.7644,29.469,33.687,0,-999.9,400,22.9415,101.602,102.492
48,1569609353,3843,20190927 12:35:53,12:35:53,2,15,1569609349,2.84971E-05,0.286710863,398.9099231,-134.6962496,-11.21936604,33.22673391,0.000871187,1.752410172,0.000870946,0.000544363,314.271594,31.28235856,31.11257692,4.540417303,49.63259908,1.920777423,3.869991615,2.61963988,-1.256719972,-262.2433995,-33.18430116,17.58717341,-0.000999278,0.019300199,2.352666769,92,9,1,0,43745.93952,1644.54,805.8246,0.49,0.39,36,0.5,0: Broadleaf,1569609349,398.9099231,399.983,23.06026154,22.96003846,1000.005692,83.09385385,0.199972615,28.33680769,31.11257692,31.75800769,0,0,10000.75769,1644.54,1704.519231,1569609193,12:33:12,7,-0.079,0.222,400,23,0.23,0.2,-1.064205122,0.028336934,0.020095147,1,0.08392144,0.355040112,0.06363719,0,1,2,1/2,100,100,-0.079,0.222,2,995.057,436.979,27.786,27.9397,30.0004,27.8059,27.7664,29.4701,33.687,0,-999.9,400,22.7723,101.601,102.492
49,1569609356,3846,20190927 12:35:56,12:35:56,2,15,1569609352,2.82001E-05,0.293709324,398.8948462,-151.4764184,-12.61689425,33.22506662,0.000864195,1.752338428,0.000863959,0.000539995,314.573238,31.23220927,31.09406154,4.53563014,49.82657552,1.922305444,3.857992295,2.613324696,-1.243622379,-265.5275584,-33.58930177,14.21275549,-0.000999202,0.019298735,2.352549498,90,9,1,0,43750.48538,1646.118462,806.5980462,0.49,0.39,36,0.5,0: Broadleaf,1569609352,398.8948462,399.9926923,23.07889231,22.97971538,1000.003,83.09275385,0.200041077,28.28341538,31.09406154,31.75677692,0,0,10000.13154,1646.118462,1705.821538,1569609193,12:33:12,7,-0.079,0.222,400,23,0.23,0.2,-1.067967073,-0.19571122,0.026476489,0,0.106420802,-0.033892357,0.01694676,1,1,2,1/2,100,100,-0.079,0.222,2,997.381,436.61,27.7903,27.9432,30.0005,27.8078,27.7688,29.4676,34.2952,0,-999.9,400,22.7158,101.601,102.492
50,1569610800,5289.4,20190927 12:59:59,12:59:59,3,3,1569610796,0.000131732,0.369585088,398.4710769,253.6344071,21.12733903,33.19200116,0.004562911,1.751332509,0.004556317,0.00284829,323.237124,29.43589336,28.95393846,4.011065693,48.6553102,1.685084241,3.463310035,2.325981452,-5.809395695,-237.2713011,-29.44317197,50.71325523,-0.00099814,0.019278219,2.350905512,35,3,1,0,43974.91104,1691.455385,828.8131385,0.49,0.39,36,0.5,0: Broadleaf,1569610796,398.4710769,399.9905385,20.22949231,19.76485385,1000.009385,83.09823077,0.200164231,26.44094615,28.95393846,29.50015385,0,0,9988.842308,1691.455385,1800.736154,1569610755,12:59:14,8,-0.175,0.155,400,20,0.26,0.13,-1.606966585,0.795558815,0.085444236,0,0.488464756,-0.265976383,0.029299749,0,0,2,0/2,100,100,-0.175,0.155,2,1058.31,427.055,26.3791,27.9432,30.0005,27.8255,27.7929,29.1881,42.9864,0,-999.9,400,20.0446,101.538,102.444
51,1569610802,5291.9,20190927 13:00:02,13:00:02,3,3,1569610798,0.000130698,0.376018134,398.4458462,246.2690454,20.51381921,33.18990432,0.004401713,1.752217707,0.00439558,0.002747788,340.572393,29.64621125,29.23693846,4.07724425,48.54846013,1.686141095,3.473109323,2.391103155,-5.763771095,-259.5986283,-32.25080107,42.95919251,-0.000999074,0.019296272,2.352352174,35,3,1,0,44007.36664,1782.168462,873.2625462,0.49,0.39,36,0.5,0: Broadleaf,1569610798,398.4458462,399.9869231,20.24217692,19.78120769,1000.040154,83.09800769,0.200399462,26.48886154,29.23693846,29.80257692,0,0,9998.223077,1782.168462,1895.446923,1569610755,12:59:14,8,-0.175,0.155,400,20,0.26,0.13,-1.579416341,0.539145157,0.069195837,0,0.475442488,-0.190165735,0.022056694,0,0,2,0/2,100,100,-0.175,0.155,2,1058.38,427.388,26.3822,27.9453,30.0004,27.8275,27.795,29.1878,42.711,0,-999.9,400,20.0602,101.537,102.444
52,1569610807,5296.9,20190927 13:00:07,13:00:07,3,3,1569610803,0.00011376,0.411613252,398.3427692,208.2710289,17.34848551,33.1810132,0.003759191,1.753257083,0.003754719,0.002347101,330.125103,29.47755325,29.44086923,4.125521002,48.8739741,1.689873991,3.457615269,2.435647011,-5.016821077,-286.1946692,-35.55669783,3.356914913,-0.001000173,0.019317486,2.354051337,34,3,1,0,44064.90791,1727.499231,846.4746231,0.49,0.39,36,0.5,0: Broadleaf,1569610803,398.3427692,399.9876923,20.28717692,19.88595385,1000.012462,83.09743077,0.200210769,26.41304615,29.44086923,30.06121538,0,0,10009.28462,1727.499231,1843.493077,1569610755,12:59:14,8,-0.175,0.155,400,20,0.26,0.13,-1.578061463,-0.309566341,0.068085612,0,0.44575039,-0.312599582,0.03673897,0,0,2,0/2,100,100,-0.175,0.155,2,1059.86,427.45,26.3891,27.9494,30.0004,27.8311,27.799,29.1882,42.711,0,-999.9,400,19.9598,101.535,102.442
53,1569610963,5452.9,20190927 13:02:43,13:02:43,3,1,1569610960,3.98548E-05,0.270939257,398.9760769,35.05677308,2.920119853,33.23346277,0.001229643,1.753135912,0.001229164,0.00076827,356.15013,30.41633424,30.353,4.347601814,48.54667672,1.745540603,3.595592368,2.602061211,-1.7575962,-309.5353781,-38.76248452,6.09467114,-0.001000045,0.019315012,2.353853218,85,9,1,0,43961.84717,1863.684615,913.2054615,0.49,0.39,36,0.5,0: Broadleaf,1569610960,398.9760769,400.0086923,20.95565385,20.81518462,1000.009615,83.09680769,0.200073231,27.07801538,30.353,29.58827692,0,0,10008.07769,1863.684615,1942.864615,1569610755,12:59:14,8,-0.175,0.155,400,20,0.26,0.13,-1.019561561,-0.061908,0.027389811,1,0.122412861,0.159545352,0.015810002,0,1,2,1/2,100,100,-0.175,0.155,2,1003.15,427.013,26.5811,28.0579,30.0005,27.9382,27.8986,29.1865,41.7135,0,-999.9,400,20.9768,101.51,102.419
54,1569610966,5455.9,20190927 13:02:46,13:02:46,3,1,1569610962,3.99125E-05,0.272350132,398.969,33.14216309,2.760636949,33.23285085,0.001229291,1.752621299,0.001228812,0.00076805,355.966527,30.42604481,30.37660769,4.353485326,48.55776742,1.747029156,3.597836658,2.60645617,-1.760143003,-310.6706723,-38.92271206,4.612999631,-0.000999501,0.019304507,2.353011894,84,8,1,0,43937.36123,1862.723846,912.7346846,0.49,0.39,36,0.5,0: Broadleaf,1569610962,398.969,400.0067692,20.97353846,20.83286923,1000.016538,83.09680769,0.200017,27.08864615,30.37660769,29.62238462,0,0,10002.63462,1862.723846,1941.982308,1569610755,12:59:14,8,-0.175,0.155,400,20,0.26,0.13,-1.02209278,-0.17068938,0.029956762,0,0.128321561,0.119815882,0.01269913,0,0,2,0/2,100,100,-0.175,0.155,2,1003.92,427.04,26.5928,28.0626,30.0006,27.9417,27.9022,29.188,41.7135,0,-999.9,400,20.9882,101.51,102.419
55,1569610969,5458.9,20190927 13:02:49,13:02:49,3,1,1569610965,3.95926E-05,0.274338165,398.9486154,27.10736203,2.257960825,33.23120649,0.001217147,1.751881444,0.001216678,0.000760466,355.725153,30.43325075,30.40259231,4.359969235,48.58237121,1.748747892,3.599552366,2.611221342,-1.746034329,-312.2265017,-39.14080445,2.611812557,-0.000998719,0.019289412,2.351802577,84,8,1,0,43903.22308,1861.460769,912.1157769,0.49,0.39,36,0.5,0: Broadleaf,1569610965,398.9486154,399.9930769,20.99413846,20.8546,1000.018538,83.09696923,0.199989846,27.09676923,30.40259231,29.65751538,0,0,9994.793846,1861.460769,1941.228462,1569610755,12:59:14,8,-0.175,0.155,400,20,0.26,0.13,-1.025230244,-0.195874955,0.02985467,0,0.132985902,0.07769839,0.009205831,1,1,2,1/2,100,100,-0.175,0.155,2,1004.49,427.131,26.6038,28.0674,30.0005,27.9453,27.9057,29.1864,41.4339,0,-999.9,400,20.9941,101.509,102.418
56,1569611151,5640.4,20190927 13:05:50,13:05:50,3,5,1569611147,5.72475E-05,0.094516999,399.6053846,298.3244656,24.8518451,33.28902676,0.001809629,1.752837139,0.001808592,0.001130463,314.500032,30.25696537,30.27089231,4.327192842,49.00667934,1.787111815,3.646669881,2.540081027,-2.524612584,-278.9943557,-34.9711844,-1.990120681,-0.000999729,0.019308912,2.353364746,83,8,1,0,43913.50959,1645.735385,806.4103385,0.49,0.39,36,0.5,0: Broadleaf,1569611147,399.6053846,400.028,21.4527,21.25103077,1000.001923,83.10482308,0.199927154,27.31853846,30.27089231,29.28905385,0,0,10003.95231,1645.735385,1890.835385,1569611101,13:05:00,9,-0.137,0.198,400,22,0.3,0.09,-0.402748634,0.034829331,0.038588303,1,0.175218805,-0.022470188,0.035011292,1,2,2,2/2,100,100,-0.137,0.198,2,1004.97,425.642,27.0926,28.3636,30.0004,28.1965,28.1459,29.1833,41.5029,0,-999.9,400,21.4237,101.45,102.375
57,1569611153,5642.4,20190927 13:05:52,13:05:52,3,5,1569611149,6.06069E-05,0.090012042,399.6056923,306.2549451,25.51256994,33.28915447,0.001910383,1.752625406,0.001909227,0.001193371,314.467839,30.32695918,30.29442308,4.33303318,48.76295381,1.785698547,3.661998316,2.547334632,-2.672764955,-274.4179846,-34.41794726,2.959142188,-0.000999505,0.019304591,2.353018609,82,8,1,0,43893.62192,1645.566923,806.3277923,0.49,0.39,36,0.5,0: Broadleaf,1569611149,399.6056923,400.0169231,21.43566923,21.22216154,1000.001231,83.10502308,0.199982615,27.39014615,30.29442308,29.3114,0,0,10001.68923,1645.566923,1890.758462,1569611101,13:05:00,9,-0.137,0.198,400,22,0.3,0.09,-0.397199634,-0.015687429,0.036412604,1,0.175126878,0.144742725,0.034843425,0,1,2,1/2,100,100,-0.137,0.198,2,1005.89,425.581,27.0958,28.3654,30.0005,28.1985,28.1483,29.1826,41.2237,0,-999.9,400,21.4619,101.449,102.374
58,1569611156,5645.9,20190927 13:05:56,13:05:56,3,5,1569611152,5.80305E-05,0.083007103,399.6136923,308.5539529,25.70390277,33.28957998,0.001820448,1.751493517,0.001819397,0.001137218,314.537517,30.40810814,30.3307,4.34205057,48.45923576,1.782696918,3.678755741,2.559353652,-2.559143026,-270.3024464,-33.9429221,7.733005438,-0.00099831,0.019281502,2.351168614,82,8,1,0,43831.86832,1645.931538,806.5064538,0.49,0.39,36,0.5,0: Broadleaf,1569611152,399.6136923,399.996,21.39979231,21.19535385,1000.002692,83.10436154,0.200041231,27.46813077,30.3307,29.35725385,0,0,9989.806154,1645.931538,1891.184615,1569611101,13:05:00,9,-0.137,0.198,400,22,0.3,0.09,-0.387026854,-0.06317124,0.034450319,1,0.176019244,0.261072418,0.036918179,0,1,2,1/2,100,100,-0.137,0.198,2,1006.04,425.708,27.1005,28.3696,30.0004,28.2016,28.1525,29.1838,40.9332,0,-999.9,400,21.5116,101.448,102.373
59,1569611361,5850.4,20190927 13:09:20,13:09:20,3,7,1569611357,4.08659E-05,-0.011212061,399.8512308,394.2731479,32.84311254,33.30776909,0.001438831,1.75381798,0.001438176,0.000898919,297.398787,31.37202965,29.67031538,4.180433097,48.36561411,1.899829753,3.928058782,2.280603344,-1.802186265,-101.8468726,-12.80161661,180.9481115,-0.001000766,0.019328942,2.354968527,25,2,1,0,43771.3181,1556.246923,762.5609923,0.49,0.39,36,0.5,0: Broadleaf,1569611357,399.8512308,399.8696923,22.80696923,22.66320769,1000.002846,83.10045385,0.199950231,28.59316154,29.67031538,30.65775385,0,0,10014.85615,1556.246923,1679.664615,1569611323,13:08:43,10,2.024,0.198,400,22,0.19,0.09,-0.039677316,0.185951548,0.030608918,0,0.202936595,-0.431790063,0.044888016,0,0,2,0/2,100,100,2.024,0.198,2,1069.89,426.015,27.4429,28.5197,30.0005,28.3591,28.3238,29.2419,37.0439,0,-999.9,400,22.8297,101.423,102.349
60,1569611364,5853.4,20190927 13:09:23,13:09:23,3,7,1569611360,3.23074E-05,-0.008110544,399.854,393.2490423,32.75766071,33.30785395,0.001139129,1.753781216,0.001138719,0.000711736,297.33837,31.31362043,29.67909231,4.18254622,48.68509941,1.905549274,3.914029749,2.276996946,-1.424754252,-108.5017747,-13.6348161,173.7770249,-0.001000727,0.019328191,2.354908406,24,2,1,0,43778.6248,1555.930769,762.4060769,0.49,0.39,36,0.5,0: Broadleaf,1569611360,399.854,399.8713077,22.87573077,22.76208462,999.9975385,83.10004615,0.199993231,28.53153077,29.67909231,30.66623077,0,0,10014.51615,1555.930769,1679.139231,1569611323,13:08:43,10,2.024,0.198,400,22,0.19,0.09,-0.033065424,0.171124538,0.030627801,0,0.179474668,-0.540087985,0.054894174,0,0,2,0/2,100,100,2.024,0.198,2,1070.69,426.127,27.4588,28.5252,30.0004,28.3634,28.328,29.2436,37.0439,0,-999.9,400,22.8046,101.423,102.348
61,1569611367,5856.9,20190927 13:09:27,13:09:27,3,7,1569611363,3.56043E-05,-0.002419928,399.8467692,385.1464834,32.08278742,33.30732449,0.001258053,1.751759699,0.001257552,0.000786015,297.025848,31.26708038,29.69,4.185173643,49.00584493,1.913072249,3.903763421,2.272101394,-1.570149956,-113.6777474,-14.29930552,167.4786451,-0.000998591,0.019286929,2.351603608,24,2,1,0,43695.54735,1554.295385,761.6047385,0.49,0.39,36,0.5,0: Broadleaf,1569611363,399.8467692,399.8893077,22.96599231,22.84076154,1000.008462,83.10017692,0.200044692,28.48630769,29.69,30.67929231,0,0,9993.121538,1554.295385,1676.780769,1569611323,13:08:43,10,2.024,0.198,400,22,0.19,0.09,-0.032036755,-0.096601203,0.028783802,1,0.159778229,-0.317039327,0.043403824,0,1,2,1/2,100,100,2.024,0.198,2,1070.46,426.066,27.4772,28.531,30.0005,28.3676,28.3326,29.2436,37.0439,0,-999.9,400,22.7759,101.422,102.348
62,1569611528,6017.9,20190927 13:12:08,13:12:08,3,10,1569611525,0.000169906,0.33380154,398.5331538,272.9660834,22.73830522,33.1981482,0.004987,1.751248748,0.004979124,0.003112659,334.566855,31.85662975,31.73863077,4.70489557,49.77592236,1.976355463,3.970504954,2.728540107,-7.492865061,-279.478686,-35.57636481,12.0189391,-0.000998051,0.019276511,2.350768646,105,11,1,0,43630.63624,1750.742308,857.8637308,0.49,0.39,36,0.5,0: Broadleaf,1569611525,398.5331538,399.9786154,23.72551538,23.12836154,999.9943077,83.10081538,0.200028923,28.77846923,31.73863077,30.39632308,0,0,9987.646923,1750.742308,1771.095385,1569611503,13:11:43,11,-0.165,0.244,400,24,0.39,0.12,-1.484410732,0.342780418,0.090015544,0,0.629817634,-0.16826285,0.091170223,0,0,2,0/2,100,100,-0.165,0.244,2,980.63,427.117,28.2284,28.8296,30.0006,28.6238,28.571,29.2989,37.0653,0,-999.9,400,23.1368,101.381,102.319
63,1569611531,6020.4,20190927 13:12:10,13:12:10,3,10,1569611527,0.000168371,0.333173313,398.5430769,271.97757,22.65596446,33.19897955,0.004932065,1.751302437,0.004924361,0.003078417,334.890108,31.90107753,31.74464615,4.706500776,49.56114217,1.972507887,3.979948405,2.733992889,-7.425159188,-276.1848653,-35.16415369,16.11592982,-0.000998108,0.019277606,2.350856374,104,10,1,0,43627.08616,1752.433846,858.6925846,0.49,0.39,36,0.5,0: Broadleaf,1569611527,398.5430769,399.9840769,23.67932308,23.08753846,999.9965385,83.10078462,0.200071615,28.81946154,31.74464615,30.39781538,0,0,9988.217692,1752.433846,1773.71,1569611503,13:11:43,11,-0.165,0.244,400,24,0.39,0.12,-1.485703415,0.548803066,0.067023922,0,0.643216098,-0.557242997,0.065734986,0,0,2,0/2,100,100,-0.165,0.244,2,981.904,427.156,28.2389,28.8342,30.0006,28.627,28.5741,29.2992,36.7931,0,-999.9,400,23.1491,101.38,102.318
64,1569611534,6023.9,20190927 13:12:14,13:12:14,3,10,1569611530,0.000164099,0.332886435,398.5402308,268.7927858,22.39078663,33.19891657,0.004786461,1.752768888,0.004779211,0.002987658,335.157795,31.92982958,31.76673846,4.712400203,49.34162717,1.966828112,3.986143597,2.745572091,-7.236786773,-275.9669124,-35.11550223,16.83859362,-0.000999657,0.019307519,2.353253167,103,10,1,0,43688.14608,1753.834615,859.3789615,0.49,0.39,36,0.5,0: Broadleaf,1569611530,398.5402308,399.9740769,23.61101538,23.0342,999.9901538,83.1013,0.199993077,28.84630769,31.76673846,30.39856154,0,0,10003.65462,1753.834615,1775.884615,1569611503,13:11:43,11,-0.165,0.244,400,24,0.39,0.12,-1.450930976,0.200826899,0.029857864,0,0.607361146,-0.348913338,0.041787553,0,0,2,0/2,100,100,-0.165,0.244,2,983.043,427.132,28.2536,28.8401,30.0006,28.6323,28.5793,29.3013,36.7931,0,-999.9,400,23.1572,101.38,102.318
65,1569611746,6235.5,20190927 13:15:45,13:15:45,3,11,1569611742,0.000195144,0.741982221,396.9714615,200.6601565,16.7150567,33.06785265,0.006534239,1.749775554,0.006520714,0.004076659,362.594022,32.7744797,30.6133,4.412858354,48.86425045,2.016151781,4.12602621,2.396706574,-8.60583352,-110.3996884,-14.03289375,229.5556063,-0.000996497,0.019246499,2.348362027,103,10,1,0,43469.71387,1897.404615,929.7282615,0.49,0.39,36,0.5,0: Broadleaf,1569611742,396.9714615,399.9213846,24.20340769,23.51791538,1000.031231,83.10026154,0.200065692,29.44299231,30.6133,30.52504615,0,0,9972.163077,1897.404615,1656.655385,1569611503,13:11:43,11,-0.165,0.244,400,24,0.39,0.12,-2.955942927,0.019535958,0.016108892,1,0.748362976,-0.407078425,0.047802083,0,1,2,1/2,100,100,-0.165,0.244,2,982.766,428.172,28.587,29.0012,29.9999,28.815,28.7538,29.3814,33.2125,0,-999.9,400,23.6449,101.352,102.294
66,1569611748,6237.5,20190927 13:15:47,13:15:47,3,11,1569611744,0.000191769,0.740398496,396.9675385,198.043089,16.49708658,33.06759093,0.006425296,1.750748094,0.006412224,0.004008812,362.670609,32.78875175,30.61384615,4.412996166,48.8678288,2.017910185,4.129322367,2.395085981,-8.457013352,-109.2057113,-13.8744037,231.1334807,-0.000997523,0.019266308,2.349950645,103,10,1,0,43510.66056,1897.805385,929.9246385,0.49,0.39,36,0.5,0: Broadleaf,1569611744,396.9675385,399.907,24.22446923,23.55083077,1000.009154,83.10043846,0.200052692,29.45683846,30.61384615,30.53093077,0,0,9982.405385,1897.805385,1657.263846,1569611503,13:11:43,11,-0.165,0.244,400,24,0.39,0.12,-2.949545122,0.07135777,0.020781307,1,0.735271463,-0.380188725,0.045679092,0,1,2,1/2,100,100,-0.165,0.244,2,983.425,428.14,28.5918,29,29.9999,28.8144,28.7538,29.3806,33.2125,0,-999.9,400,23.6479,101.353,102.294
67,1569611750,6240,20190927 13:15:50,13:15:50,3,11,1569611746,0.000194891,0.739300358,396.9601538,201.2180805,16.76163536,33.06711472,0.006531074,1.752632133,0.006517583,0.004074699,362.733231,32.81782833,30.62181538,4.415007476,48.83333113,2.02033631,4.137207648,2.394671166,-8.594681656,-106.9501312,-13.57598571,233.6124324,-0.000999512,0.019304728,2.353029605,102,10,1,0,43589.13572,1898.133077,930.0852077,0.49,0.39,36,0.5,0: Broadleaf,1569611746,396.9601538,399.9001538,24.25349231,23.5689,999.997,83.10084615,0.199995,29.48992308,30.62181538,30.54524615,0,0,10002.26308,1898.133077,1658.030769,1569611503,13:11:43,11,-0.165,0.244,400,24,0.39,0.12,-2.951803659,0.053156237,0.022015381,1,0.724851488,-0.292475728,0.041824546,0,1,2,1/2,100,100,-0.165,0.244,2,983.641,428.045,28.5979,28.999,29.9998,28.8134,28.7538,29.3812,33.2125,0,-999.9,400,23.6586,101.354,102.295
68,1569611973,6462.5,20190927 13:19:32,13:19:32,3,13,1569611969,-0.000132964,0.09957316,399.8207692,412.5406466,34.36461545,33.3050503,-0.005722704,1.753725668,-0.005733099,-0.003582251,377.476596,33.11884851,30.74665385,4.446619168,62.65281593,2.596371673,4.144062217,1.850247495,5.863706794,-116.1049965,-14.74009806,252.4952083,-0.001000668,0.019327056,2.354817566,38,4,1,0,43633.3161,1975.283077,967.8887077,0.49,0.39,36,0.5,0: Broadleaf,1569611969,399.8207692,399.9878462,31.16894615,31.63268462,1000.025538,83.09984615,0.200104385,29.51863846,30.74665385,30.25017692,0,0,10013.95231,1975.283077,1759.155385,1569611892,13:18:11,12,-0.143,0.23,400,24,0.35,0.02,-0.174582902,0.034694216,0.027018599,1,-0.511742244,0.409072265,0.040570652,0,1,2,1/2,100,100,-0.143,0.23,2,1054.46,447.261,28.8465,28.8785,29.9997,28.745,28.7018,29.6793,0,0,-999.9,400,23.2299,101.39,102.294
69,1569611976,6465.5,20190927 13:19:35,13:19:35,3,13,1569611972,-0.000128566,0.088286473,399.8378462,410.2802236,34.17621617,33.30636934,-0.005539743,1.753427978,-0.005549485,-0.003467551,377.555976,33.125226,30.73904615,4.444687116,62.62897496,2.596421917,4.145719962,1.848265198,5.66977968,-114.7102282,-14.56544821,253.9500792,-0.001000353,0.019320976,2.35433077,38,4,1,0,43619.14824,1975.698462,968.0922462,0.49,0.39,36,0.5,0: Broadleaf,1569611972,399.8378462,399.9706154,31.16964615,31.61805385,1000.011,83.0996,0.200091769,29.52557692,30.73904615,30.24433846,0,0,10010.83154,1975.698462,1759.196923,1569611892,13:18:11,12,-0.143,0.23,400,24,0.35,0.02,-0.170620822,0.262414079,0.031622306,0,-0.491411854,0.372246669,0.036797961,0,0,2,0/2,100,100,-0.143,0.23,2,1055.24,447.143,28.8508,28.8761,29.9998,28.7426,28.6994,29.681,0,0,-999.9,400,23.2299,101.39,102.294
70,1569611978,6468,20190927 13:19:38,13:19:38,3,13,1569611974,-0.000124924,0.083454977,399.8478462,409.6101168,34.12030362,33.3071117,-0.005383419,1.752406977,-0.005392623,-0.003369561,377.680485,33.15150298,30.73881538,4.444628521,62.54099181,2.596491102,4.151662817,1.848137418,5.509153308,-112.2735456,-14.26608966,256.6500031,-0.000999274,0.019300133,2.352661547,37,4,1,0,43570.43831,1976.35,968.4115,0.49,0.39,36,0.5,0: Broadleaf,1569611974,399.8478462,399.9684615,31.17056154,31.60626923,1000.002,83.09937692,0.200088154,29.55043077,30.73881538,30.24469231,0,0,10000.05923,1976.35,1759.415385,1569611892,13:18:11,12,-0.143,0.23,400,24,0.35,0.02,-0.155777337,0.252893157,0.031721051,0,-0.473018073,0.348254174,0.034371367,0,0,2,0/2,100,100,-0.143,0.23,2,1055.83,447.128,28.8543,28.8739,29.9997,28.741,28.6975,29.6813,0,0,-999.9,400,23.2299,101.391,102.295
71,1569612148,6637.5,20190927 13:22:27,13:22:27,3,15,1569612144,-7.88382E-05,0.595591924,398.0034615,710.0166956,59.13959884,33.15100222,-0.002828039,1.751926906,-0.002830577,-0.001768883,362.487594,32.19996336,32.18750769,4.825996109,65.80771821,2.609633937,3.965543872,2.216362172,3.476764807,-324.0204964,-41.31790936,0.625953026,-0.000998767,0.01929034,2.351876878,33,3,1,0,43663.62068,1896.847692,929.4553692,0.49,0.39,36,0.5,0: Broadleaf,1569612144,398.0034615,400.0346154,31.33067692,31.6056,1000.008231,83.09323846,0.200012538,28.7569,32.18750769,31.28633846,0,0,9995.723077,1896.847692,1806.636154,1569611892,13:18:11,12,-0.143,0.23,400,24,0.35,0.02,-2.005197805,-0.126114983,0.035174482,0,-0.308066049,0.280372014,0.027954251,0,0,2,0/2,100,100,-0.143,0.23,2,1060.65,448.726,28.7155,28.7126,29.9997,28.5988,28.5623,29.6684,0,0,-999.9,400,23.2299,101.442,102.315
72,1569612150,6640,20190927 13:22:30,13:22:30,3,15,1569612146,-7.63818E-05,0.592583183,398.0074615,718.536705,59.84904107,33.15121516,-0.002743122,1.752606394,-0.00274551,-0.001715729,362.726175,32.20608658,32.18276154,4.824701608,65.81558246,2.610870023,3.966948137,2.213831586,3.368438776,-323.1206262,-41.18745555,1.786532059,-0.000999485,0.019304203,2.352987528,32,3,1,0,43692.82654,1898.096154,930.0671154,0.49,0.39,36,0.5,0: Broadleaf,1569612146,398.0074615,400.0313077,31.34563077,31.61198462,1000.005615,83.09292308,0.200025846,28.76300769,32.18276154,31.27130769,0,0,10002.94462,1898.096154,1807.783077,1569611892,13:18:11,12,-0.143,0.23,400,24,0.35,0.02,-1.999976098,-0.106271916,0.035842394,0,-0.294057146,0.251665568,0.025001215,0,0,2,0/2,100,100,-0.143,0.23,2,1061.44,448.659,28.7119,28.7102,29.9997,28.5962,28.5602,29.6679,0,0,-999.9,400,23.2299,101.443,102.315
73,1569612154,6643.5,20190927 13:22:33,13:22:33,3,15,1569612150,-7.19407E-05,0.582693261,398.0088462,733.1026747,61.06223526,33.15130423,-0.002586148,1.753172503,-0.002588269,-0.001617478,362.710446,32.25953968,32.18317692,4.824814891,65.65498593,2.613063682,3.979992753,2.211751209,3.172586328,-317.9102317,-40.52159764,7.451202967,-0.001000083,0.019315759,2.353913045,32,3,1,0,43709.70151,1898.013846,930.0267846,0.49,0.39,36,0.5,0: Broadleaf,1569612150,398.0088462,400.0034615,31.37199231,31.62285385,1000.000692,83.09279231,0.200090615,28.81965385,32.18317692,31.26216154,0,0,10008.94846,1898.013846,1807.4,1569611892,13:18:11,12,-0.143,0.23,400,24,0.35,0.02,-2.002836098,-0.010470105,0.034367823,1,-0.280579341,0.243004098,0.024064268,0,1,2,1/2,100,100,-0.143,0.23,2,1061.78,448.671,28.7074,28.7067,29.9997,28.5931,28.5575,29.6699,0,0,-999.9,400,23.2299,101.444,102.316
74,1569612431,6920.5,20190927 13:27:10,13:27:10,4,3,1569612427,0.00014063,0.6519177,397.8632308,182.8201114,15.22734777,33.13859581,0.005161521,1.753382378,0.005153095,0.00322144,63.6157935,30.11340526,32.32009231,4.86228062,64.76033109,2.692305004,4.157336688,2.169975616,-6.201792456,-259.5712155,-33.22722134,-235.3844358,-0.001000305,0.019320045,2.354256208,21,2,1,0,43609.95612,332.8926923,163.1174192,0.49,0.39,36,0.5,0: Broadleaf,1569612427,397.8632308,400.4115385,32.32391538,31.83401538,1000.008538,83.0914,0.200025923,29.57413077,32.32009231,32.34113077,0,0,10011.33692,332.8926923,1758.596154,1569612400,13:26:39,13,-0.023,0.446,399,32,0.15,0.11,-2.677660732,1.458731498,0.167401701,0,0.497395146,-0.032883575,0.005566741,1,1,2,1/2,100,100,-0.023,0.446,2,1074.02,446.373,28.8285,28.8795,30.0011,28.6918,28.6569,29.6681,0,0,-999.9,400,23.2299,101.397,102.276
75,1569612434,6924,20190927 13:27:14,13:27:14,4,3,1569612430,0.000139237,0.654460511,397.8309231,179.4992066,14.9508623,33.13616513,0.005097669,1.752763614,0.005089447,0.003181642,63.740229,30.10514989,32.33666154,4.86683178,64.77938251,2.691518218,4.154899466,2.175313562,-6.140354581,-262.0069912,-33.55193219,-237.9590489,-0.000999651,0.019307412,2.353244547,20,2,1,0,43584.09171,333.5438462,163.4364846,0.49,0.39,36,0.5,0: Broadleaf,1569612430,397.8309231,400.3863846,32.31421538,31.82916154,1000.004077,83.09207692,0.200003231,29.56395385,32.33666154,32.34665385,0,0,10004.70923,333.5438462,1760.04,1569612400,13:26:39,13,-0.023,0.446,399,32,0.15,0.11,-2.599219024,0.541868362,0.067566653,0,0.49469722,-0.074808732,0.007845292,1,1,2,1/2,100,100,-0.023,0.446,2,1074.96,446.457,28.8381,28.8892,30.0011,28.6982,28.6633,29.6603,0,0,-999.9,400,23.2299,101.395,102.274
76,1569612438,6928,20190927 13:27:18,13:27:18,4,3,1569612434,0.000138841,0.652711599,397.7873846,178.4749301,14.86576444,33.13302072,0.005060672,1.751800159,0.005052564,0.00315858,63.9249786,30.1349292,32.36925385,4.875794906,64.6619544,2.690919859,4.161519527,2.184875047,-6.122878696,-262.3315545,-33.62196359,-238.1514182,-0.000998633,0.019287755,2.351669732,19,2,1,0,43537.58055,334.5106154,163.9102015,0.49,0.39,36,0.5,0: Broadleaf,1569612434,397.7873846,400.336,32.30656154,31.82287692,999.9886923,83.0933,0.199991846,29.59158462,32.36925385,32.35642308,0,0,9994.376154,334.5106154,1763.113846,1569612400,13:26:39,13,-0.023,0.446,399,32,0.15,0.11,-2.566435366,0.31573338,0.049041762,0,0.491193902,-0.074810279,0.007827567,1,1,2,1/2,100,100,-0.023,0.446,2,1075.83,446.32,28.8503,28.9005,30.0011,28.7062,28.671,29.6506,0,0,-999.9,400,23.2299,101.392,102.273
77,1569612608,7097.5,20190927 13:30:07,13:30:07,4,1,1569612604,-7.50352E-05,0.284598189,399.0898462,542.7011727,45.20553579,33.24310179,-0.00277501,1.753205999,-0.002777452,-0.001735688,373.438947,32.90815794,32.53696154,4.922143302,67.56530987,2.77578152,4.108293924,2.146361782,3.309050427,-299.4945834,-38.34394857,38.90946546,-0.001000119,0.019316443,2.353967812,56,6,1,0,43631.96583,1954.154615,957.5357615,0.49,0.39,36,0.5,0: Broadleaf,1569612604,399.0898462,400.0066154,33.32379231,33.58492308,999.9776154,83.09740769,0.199880154,29.36833846,32.53696154,31.48273077,0,0,10008.74692,1954.154615,2000.772308,1569612400,13:26:39,13,-0.023,0.446,399,32,0.15,0.11,-0.925156024,0.044181282,0.033371359,1,-0.287684854,0.232212084,0.023175298,0,1,2,1/2,100,100,-0.023,0.446,2,1034.81,445.856,29.1598,29.3147,30.0005,29.0563,28.9952,29.6462,0,0,-999.9,400,23.2299,101.299,102.211
78,1569612610,7100,20190927 13:30:10,13:30:10,4,1,1569612606,-7.22183E-05,0.286122584,399.079,549.9368905,45.80830819,33.2422395,-0.002669234,1.752170146,-0.002671495,-0.001669481,373.863924,32.98299691,32.55594615,4.92741405,67.38915907,2.779817192,4.125021339,2.147596858,3.184827349,-294.457874,-37.73800569,44.85287166,-0.000999024,0.019295301,2.352274434,56,6,1,0,43576.01834,1956.378462,958.6254462,0.49,0.39,36,0.5,0: Broadleaf,1569612606,399.079,400.0053077,33.3722,33.62351538,999.977,83.09753077,0.199860231,29.43876923,32.55594615,31.50413846,0,0,9997.777692,1956.378462,2001.291538,1569612400,13:26:39,13,-0.023,0.446,399,32,0.15,0.11,-0.918894707,-0.044414007,0.029510204,1,-0.275220927,0.230049826,0.022941804,0,1,2,1/2,100,100,-0.023,0.446,2,1034.57,445.788,29.1631,29.3188,30.0006,29.0599,28.9992,29.6478,0,0,-999.9,400,23.2299,101.298,102.211
79,1569612613,7102.5,20190927 13:30:12,13:30:12,4,1,1569612609,-6.94536E-05,0.285899566,399.071,556.9414996,46.39177698,33.24157536,-0.002559309,1.751364652,-0.002561389,-0.001600681,374.39283,33.07278262,32.59433846,4.938088018,67.16420713,2.784125136,4.145251251,2.153962881,3.062903792,-289.9363559,-37.19819503,50.32118288,-0.000998173,0.019278874,2.350958036,56,6,1,0,43528.21703,1959.146154,959.9816154,0.49,0.39,36,0.5,0: Broadleaf,1569612609,399.071,400.0004615,33.42391538,33.66559231,999.9956923,83.09748462,0.199912,29.52361538,32.59433846,31.52513846,0,0,9989.271538,1959.146154,2002.382308,1569612400,13:26:39,13,-0.023,0.446,399,32,0.15,0.11,-0.919447756,-0.082042056,0.029171771,1,-0.267345,0.219331401,0.021848716,0,1,2,1/2,100,100,-0.023,0.446,2,1034.73,445.931,29.167,29.3229,30.0005,29.0638,29.0026,29.6488,0,0,-999.9,400,23.2299,101.297,102.211
80,1569612828,7317.5,20190927 13:33:47,13:33:47,4,5,1569612824,-8.19377E-05,0.107069986,399.7603846,436.7699201,36.38237545,33.2995285,-0.003144536,1.752253866,-0.003147674,-0.001967014,305.724867,32.8358585,32.8353,5.005541649,69.29976035,2.940599893,4.243304563,2.064941756,3.613454295,-274.4738982,-35.30891807,-0.444495028,-0.000999112,0.019297009,2.352411277,97,10,1,0,43509.10226,1599.816154,783.9099154,0.49,0.39,36,0.5,0: Broadleaf,1569612824,399.7603846,400.0279231,35.30186154,35.58643077,999.9769231,83.09876154,0.199958846,29.92981538,32.8353,32.74222308,0,0,9998.514615,1599.816154,2033.546923,1569612786,13:33:05,14,0.01,0.52,400,35,0.5,0.09,-0.246732366,-0.064837275,0.032745658,1,-0.288571024,0.048318732,0.005470391,1,2,2,2/2,100,100,0.01,0.52,2,989.793,443.667,29.3393,29.6061,30.0009,29.371,29.3108,29.6622,0,0,-999.9,400,23.2299,101.233,102.164
81,1569612831,7320.5,20190927 13:33:50,13:33:50,4,5,1569612827,-8.20497E-05,0.105515012,399.7704615,435.7619302,36.29827781,33.30024553,-0.003164138,1.751949289,-0.003167316,-0.001979287,305.073069,32.82863422,32.81154615,4.998856679,69.38347127,2.943881298,4.242914406,2.054975381,3.618389828,-272.3337342,-35.03530346,1.322421126,-0.000998791,0.019290796,2.35191346,96,10,1,0,43495.88611,1596.405385,782.2386385,0.49,0.39,36,0.5,0: Broadleaf,1569612827,399.7704615,400.0322308,35.34138462,35.62632308,1000.004231,83.09837692,0.200037385,29.92821538,32.81154615,32.73073846,0,0,9995.341538,1596.405385,2028.998462,1569612786,13:33:05,14,0.01,0.52,400,35,0.5,0.09,-0.248003683,-0.017112209,0.031817244,1,-0.286528317,0.021026634,0.002875062,1,2,2,2/2,100,100,0.01,0.52,2,990.671,443.942,29.3454,29.6119,30.0008,29.3761,29.3165,29.6612,0,0,-999.9,400,23.2299,101.232,102.163
82,1569612834,7324,20190927 13:33:54,13:33:54,4,5,1569612830,-8.18398E-05,0.096523036,399.7929231,431.3518822,35.930761,33.30196195,-0.00316659,1.751439198,-0.003169774,-0.001980822,306.845448,32.85732474,32.80264615,4.996353981,69.44110312,2.948258719,4.245696838,2.048095262,3.609133693,-270.3369174,-34.78896401,5.328700312,-0.000998252,0.019280394,2.351079851,95,10,1,0,43471.74122,1605.68,786.7832,0.49,0.39,36,0.5,0: Broadleaf,1569612830,399.7929231,400.0226154,35.3941,35.67829231,1000.010308,83.09800769,0.200019923,29.93962308,32.80264615,32.73003846,0,0,9989.996154,1605.68,2040.168462,1569612786,13:33:05,14,0.01,0.52,400,35,0.5,0.09,-0.238857341,0.049906578,0.034277244,1,-0.28492339,0.009425122,0.001399205,1,2,2,2/2,100,100,0.01,0.52,2,991.302,444.021,29.3525,29.6186,30.0008,29.3821,29.3224,29.6604,0,0,-999.9,400,23.2299,101.23,102.162
83,1569613044,7534,20190927 13:37:24,13:37:24,4,7,1569613041,1.7806E-05,0.440213417,398.3564615,-721.9998164,-60.13036558,33.17635146,0.000624667,1.751352104,0.000624544,0.000390351,385.85442,34.50522741,34.03824615,5.354419301,69.15912598,3.10050912,4.48315255,2.253910181,-0.785245087,-297.256827,-38.66888708,49.14346082,-0.00099816,0.019278618,2.350937532,12,1,1,0,43331.64848,2019.123077,989.3703077,0.49,0.39,36,0.5,0: Broadleaf,1569613041,398.3564615,399.9667692,37.22856154,37.16684615,999.9974615,83.0831,0.199976,30.88996923,34.03824615,34.70226154,0,0,9990.868462,2019.123077,2040.688462,1569612786,13:33:05,14,0.01,0.52,400,35,0.5,0.09,-1.641907561,0.373991707,0.042312459,0,0.00968504,0.45348394,0.044874071,0,0,2,0/2,100,100,0.01,0.52,2,1084.01,441.553,29.8937,30.0775,30.0007,29.7933,29.7367,29.6579,0,0,-999.9,400,23.2299,101.13,102.103
84,1569613047,7536.5,20190927 13:37:26,13:37:26,4,7,1569613043,2.15371E-05,0.435481,398.3641538,-523.3086512,-43.58275658,33.17699394,0.000753802,1.750969976,0.000753622,0.00047103,386.25426,34.5730795,34.05893846,5.360600866,68.92301494,3.10144014,4.499861393,2.259160725,-0.949786815,-292.9897921,-38.1381785,54.17650256,-0.000997757,0.019270829,2.350313153,11,1,1,0,43305.55988,2021.215385,990.3955385,0.49,0.39,36,0.5,0: Broadleaf,1569613043,398.3641538,399.9627692,37.23973846,37.16509231,1000.001769,83.08311538,0.199965231,30.95517692,34.05893846,34.74273846,0,0,9986.83,2021.215385,2041.321538,1569612786,13:33:05,14,0.01,0.52,400,35,0.5,0.09,-1.629442195,0.290747875,0.034203621,0,0.024453221,0.423478326,0.04189649,0,0,2,0/2,100,100,0.01,0.52,2,1084.65,441.484,29.9054,30.084,30.0007,29.7987,29.7428,29.6577,0,0,-999.9,400,23.2299,101.129,102.103
85,1569613050,7539.5,20190927 13:37:29,13:37:29,4,7,1569613046,2.46623E-05,0.429876205,398.3854615,-400.1220841,-33.32331548,33.17868457,0.000861518,1.752673699,0.000861283,0.000538323,386.609412,34.56760335,34.07616154,5.365750773,68.95810059,3.102237576,4.498728284,2.263513197,-1.087606035,-295.3194975,-38.40649492,51.7958135,-0.000999556,0.019305577,2.353097555,10,1,1,0,43381.08362,2023.073846,991.3061846,0.49,0.39,36,0.5,0: Broadleaf,1569613046,398.3854615,399.9683846,37.24940769,37.16393077,1000.001,83.08290769,0.199962231,30.95076154,34.07616154,34.79246154,0,0,10004.86231,2023.073846,2042.313846,1569612786,13:33:05,14,0.01,0.52,400,35,0.5,0.09,-1.61592561,0.250328362,0.030212855,0,0.043288616,0.372596088,0.037187796,0,0,2,0/2,100,100,0.01,0.52,2,1085.61,441.314,29.9203,30.0917,30.0008,29.8047,29.7485,29.6602,0,0,-999.9,400,23.2299,101.128,102.102
86,1569613412,7901.9,20190927 13:43:32,13:43:32,4,11,1569613409,-0.000151282,-0.102461973,400.5398462,366.4869951,30.51961534,33.35540469,-0.007524909,1.752360582,-0.007542907,-0.004712696,144.6119703,31.45996576,31.31943077,4.59419944,70.2611128,3.000151657,4.270003047,1.594047783,6.671547724,-120.9664737,-15.45254045,14.86450388,-0.000999225,0.019299187,2.35258571,72,7,1,0,43497.64912,756.7345385,370.7999238,0.49,0.39,36,0.5,0: Broadleaf,1569613409,400.5398462,399.9528462,36.02655385,36.55154615,1000.006077,83.07616154,0.199959462,30.039,31.31943077,31.41716923,0,0,10002.36308,756.7345385,848.2808462,1569613217,13:40:16,15,-0.05,0.552,400,37,0.61,0.03,0.716403171,-0.913827742,0.094716927,0,-0.675460195,1.213835289,0.119894618,0,0,2,0/2,100,100,-0.05,0.552,2,1016.94,439.815,30.7451,30.6023,29.9998,30.372,30.2991,29.7512,0,0,-999.9,400,23.2299,101.072,102.061
87,1569613415,7904.9,20190927 13:43:35,13:43:35,4,11,1569613411,-0.000138562,-0.075666532,400.4350769,370.7826948,30.87734285,33.34667807,-0.006952777,1.754595791,-0.006968119,-0.004353693,120.4414071,31.24951002,31.2772,4.583174565,70.22564521,3.002636963,4.275698648,1.580537603,6.110596338,-114.9299732,-14.6613372,-3.039306964,-0.001001589,0.019344837,2.356240701,72,7,1,0,43592.95553,630.2533077,308.8241208,0.49,0.39,36,0.5,0: Broadleaf,1569613411,400.4350769,399.9629231,36.0564,36.53724615,999.9838462,83.07622308,0.199893308,30.06221538,31.2772,31.3951,0,0,10026.01538,630.2533077,725.0406923,1569613217,13:40:16,15,-0.05,0.552,400,37,0.61,0.03,0.649926927,-1.353188843,0.142559345,0,-0.616468073,1.136998014,0.112332029,0,0,2,0/2,100,100,-0.05,0.552,2,1016.74,439.803,30.7378,30.599,29.9997,30.3707,30.2975,29.7526,0,0,-999.9,400,23.2299,101.073,102.061
88,1569613419,7908.4,20190927 13:43:38,13:43:38,4,11,1569613415,-0.000129596,-0.051917645,400.3575385,376.2126945,31.32942558,33.34010757,-0.006762545,1.753382868,-0.006777068,-0.00423436,92.4977361,30.98205051,31.04946923,4.524118813,70.25755558,3.003629904,4.275169951,1.520488909,5.715197682,-93.5271035,-11.92571022,-7.239879939,-0.001000306,0.019320055,2.354257008,72,7,1,0,43539.71766,484.0279231,237.1736823,0.49,0.39,36,0.5,0: Broadleaf,1569613415,400.3575385,399.9838462,36.06844615,36.51816923,999.9912308,83.07586154,0.199971615,30.06006154,31.04946923,31.1672,0,0,10013.21462,484.0279231,580.075,1569613217,13:40:16,15,-0.05,0.552,400,37,0.61,0.03,0.563618,-1.495033965,0.155440953,0,-0.551263024,0.964679436,0.096840008,0,0,2,0/2,100,100,-0.05,0.552,2,1017.72,439.91,30.7293,30.5958,29.9996,30.3684,30.2965,29.7529,0,0,-999.9,400,23.2299,101.074,102.061
89,1569613608,8097.4,20190927 13:46:47,13:46:47,4,13,1569613604,-3.86149E-05,-0.098938866,400.371,306.7568662,25.5420493,33.33681149,-0.001923349,1.752447737,-0.001924522,-0.001202721,327.91878,33.13417618,31.02519231,4.517862527,68.42956899,2.921820779,4.269821983,1.596041747,1.702915764,-93.24320812,-11.89314644,224.4853412,-0.000999317,0.019300965,2.352728175,21,2,1,0,43501.35306,1715.953846,840.8173846,0.49,0.39,36,0.5,0: Broadleaf,1569613604,400.371,399.9591538,35.09070769,35.22484615,999.9775385,83.06468462,0.200116,30.03826154,31.02519231,31.41974615,0,0,10004.66692,1715.953846,1581.708462,1569613552,13:45:51,16,-0.039,0.515,400,36,0.31,0.05,0.380812512,0.129577986,0.038484419,0,-0.158542439,0.228189742,0.023056449,0,0,2,0/2,100,100,-0.039,0.515,2,1073.75,439.967,30.1701,30.1875,29.9991,30.0717,30.025,29.7952,0,0,-999.9,400,23.2299,101.17,102.116
90,1569613611,8100.9,20190927 13:46:51,13:46:51,4,13,1569613607,-3.18082E-05,-0.097092953,400.3775385,289.9752004,24.14446484,33.3369936,-0.001565568,1.752461739,-0.001566345,-0.000978896,337.677963,33.38954045,31.09886923,4.536872749,67.77448711,2.921740348,4.310973749,1.615132401,1.402743314,-84.41382684,-10.77968841,243.8871911,-0.000999332,0.019301251,2.352751063,22,2,1,0,43477.97334,1767.022308,865.8409308,0.49,0.39,36,0.5,0: Broadleaf,1569613607,400.3775385,399.9821538,35.09012308,35.20061538,999.9926923,83.06387692,0.200018769,30.2054,31.09886923,31.46882308,0,0,10004.91231,1767.022308,1625.631538,1569613552,13:45:51,16,-0.039,0.515,400,36,0.31,0.05,0.378269878,0.253508404,0.035277955,0,-0.144344149,0.254673105,0.026044471,0,0,2,0/2,100,100,-0.039,0.515,2,1072.68,440.425,30.1632,30.1779,29.9991,30.0644,30.0182,29.7961,0,0,-999.9,400,23.2299,101.172,102.117
91,1569613615,8104.9,20190927 13:46:55,13:46:55,4,13,1569613611,-2.49018E-05,-0.103449932,400.3731538,252.858133,21.05387072,33.33649791,-0.001209874,1.752422473,-0.001210338,-0.00075642,336.833007,33.54012759,31.17967692,4.557802937,67.14662592,2.921659087,4.351162917,1.63614385,1.098169666,-76.75133665,-9.813156096,251.3666839,-0.000999291,0.01930045,2.352686877,21,2,1,0,43453.0365,1762.600769,863.6743769,0.49,0.39,36,0.5,0: Broadleaf,1569613611,400.3731538,399.9648462,35.08928462,35.17578462,1000.010077,83.06365385,0.199915615,30.36729231,31.17967692,31.54294615,0,0,10004.52385,1762.600769,1623.452308,1569613552,13:45:51,16,-0.039,0.515,400,36,0.31,0.05,0.393117805,0.162432146,0.030066831,0,-0.125549322,0.287406295,0.029289514,0,0,2,0/2,100,100,-0.039,0.515,2,1073.76,440.415,30.1548,30.1674,29.9991,30.0553,30.0105,29.7993,0,0,-999.9,400,23.2299,101.174,102.119
92,1569613780,8269.9,20190927 13:49:40,13:49:40,4,15,1569613777,-0.00011101,0.148551105,399.6156923,439.1955668,36.56875653,33.27321599,-0.004118409,1.752487108,-0.004123794,-0.002576887,383.965911,33.19573112,32.79671538,4.994686842,68.89963447,2.859003526,4.149519149,2.135683316,4.895544679,-307.5559331,-39.47645684,41.82906571,-0.000999359,0.019301769,2.352792532,143,14,1,0,43574.48667,2009.240769,984.5279769,0.49,0.39,36,0.5,0: Broadleaf,1569613777,399.6156923,399.9907692,34.33700769,34.72291538,1000.016308,83.06293077,0.200105769,29.54146923,32.79671538,33.45141538,0,0,10005.29462,2009.240769,2017.688462,1569613552,13:45:51,16,-0.039,0.515,400,36,0.31,0.05,-0.352657439,-0.169423254,0.029643523,0,-0.463840659,0.677094376,0.067886467,0,0,2,0/2,100,100,-0.039,0.515,2,938.582,441.153,29.8052,29.8726,29.9997,29.8035,29.77,29.8329,0,0,-999.9,400,23.2299,101.239,102.149
93,1569613783,8272.4,20190927 13:49:42,13:49:42,4,15,1569613779,-0.000107094,0.143136986,399.6092308,439.0288641,36.55489496,33.27269492,-0.003982762,1.752830516,-0.003987797,-0.00249192,382.734933,33.1598809,32.78528462,4.99147502,69.03218584,2.860854703,4.144233111,2.130620317,4.722830399,-308.6258814,-39.5994853,39.23239667,-0.000999722,0.019308777,2.353353919,143,14,1,0,43592.85183,2002.799231,981.3716231,0.49,0.39,36,0.5,0: Broadleaf,1569613779,399.6092308,399.9704615,34.35922308,34.73151538,999.9949231,83.06319231,0.199886615,29.51935385,32.78528462,33.42335385,0,0,10008.89615,2002.799231,2012.002308,1569613552,13:45:51,16,-0.039,0.515,400,36,0.31,0.05,-0.352195927,0.008871261,0.030378588,1,-0.431171,0.566008997,0.056508179,0,1,2,1/2,100,100,-0.039,0.515,2,939.109,440.738,29.7967,29.8694,29.9998,29.8011,29.7675,29.8345,0,0,-999.9,400,23.2299,101.24,102.149
94,1569613785,8274.9,20190927 13:49:45,13:49:45,4,15,1569613781,-0.000102682,0.138338915,399.601,439.3539216,36.58224471,33.27226833,-0.003830346,1.751650492,-0.003835005,-0.002396459,382.306134,33.16100893,32.76986154,4.987144285,69.06136882,2.862861188,4.145387264,2.124283097,4.528263721,-306.5054397,-39.35183722,40.97712083,-0.000998475,0.019284702,2.351425138,141,14,1,0,43540.03876,2000.555385,980.2721385,0.49,0.39,36,0.5,0: Broadleaf,1569613781,399.601,399.9513077,34.38305385,34.74,999.9949231,83.06374615,0.199980231,29.52418462,32.76986154,33.40547692,0,0,9996.35,2000.555385,2010.498462,1569613552,13:45:51,16,-0.039,0.515,400,36,0.31,0.05,-0.352377537,-0.009338258,0.030623506,1,-0.411925976,0.514785742,0.051149027,0,1,2,1/2,100,100,-0.039,0.515,2,940.412,440.818,29.7888,29.8668,29.9997,29.7979,29.7649,29.8325,0,0,-999.9,400,23.2299,101.241,102.149
