species,rep,obs,time,elapsed,date,hhmmss,TIME,E,A,Ca,Ci,Pci,Pca,gsw,gbw,gtw,gtc,Rabs,TleafEB,TleafCnd,SVPleaf,RHcham,VPcham,SVPcham,VPDleaf,LatHFlux,SenHFlux,NetTherm,EBSum,blfa_1,blfa_2,blfa_3,Leak,LeakPct,CorrFact,CorrFactPct,Fan,DarkAdaptedID,Fo,Fm,Fv,Fv/Fm,Adark,LightAdaptedID,Fs,Fm',PhiPS2,PS2/1,Qabs_fs,Afs,ETR,Fv'/Fm',PhiCO2,NPQ,DarkPulseID,Fo',Fv',qP,qN,qP_Fo,qN_Fo,ID,P1_dur,P2_dur,P3_dur,P1_Qmax,P1_Fmax,P2_dQdt,P3_?F,Qin,Qabs,alpha,convert,TIME,CO2_s,CO2_r,H2O_s,H2O_r,Flow,Pa,?Pcham,Tair,Tleaf,Tleaf2,Offset,Offset2,Fan_speed,Qamb_in,Qamb_out,?CO2,CO2_s_d,CO2_r_d,?H2O,CO2_a,CO2_b,H2O_a,H2O_b,e_s,e_r,Td_s,Td_r,Q,f_red,f_blue,f_farred,F,Q_modavg,F_dc,Pc,Tled,TDigital,TPreamp,TPwrSpy,TDrive,Q_red,Q_blue,Q_farred,TSPF,F_avg,dF/dt,dF_dc/dt,F_dc_avg,period,time,hhmmss,count,co2_adj,h2o_adj,co2_at,h2o_at,co2_cv,h2o_cv,CO2_s:MN,CO2_s:SLP,CO2_s:SD,CO2_s:OK,VPDleaf:MN,VPDleaf:SLP,VPDleaf:SD,VPDleaf:OK,Stable,Total,State,Vflow,VPchamber,abs_c_a,abs_c_b,abs_h_a,abs_h_b,Wc_s,Wc_r,Wco_s,Wco_r,Ww_s,Ww_r,Wwo_s,Wwo_r,Flow_s_v,Flow_r_v,Tleaf_mv,Tleaf2_mv,Tleaf_j,Tleaf2_j,Console_RH,Console_T,Console_H2O,Fan_%,Flow_%,Pump,Tchp_pwm,Txchg_pwm,diag_20v,diag_5_4v,diag_12v,diag_5va,diag_3_3vf,AccCO2_soda,AccH2O_des,CO2_hrs,AccH2O_hum,ADC_CH1,ADC_CH2,ADC_CH3,ADC_CH4,ADC_CH5,ADC_CH6,ADC_CH7,ADC_CH8,DAC_1,DAC_2,DAC_3,DAC_4,GPIO,GPIO_dir,excit_5v,power_12v,power_5v,ch1_pullup,AuxPower,MatchValveR,MatchValveS,MatchCO2,MatchH2O,DIAG,Flow_s,Flow_r,Txchg,Tirga,Tchopper,Ts,Tr,CO2_%,Desiccant_%,Humidifier_%,Txchg_sp,CO2_r_sp,H2O_r_sp,SS_s,SS_r
ME034,plant_1,23,1583261121,3342.5,20200303 12:45:20,12:45:20,1583261121,0.003452163,10.3597021,96.8219,22.10596436,2.194964314,9.613722878,0.233569565,3.422383063,0.225061403,0.14140198,241.6645555,25.3780736,24.9841,3.176664683,53.42969078,1.69096725,3.16484566,1.485697433,-152.2403692,-11.53171973,-0.712392445,77.18007413,-0.041024126,0.046053175,3.444613267,0,0,1,0,52680.70371,MPF-2004-20200303-11_55_29,73.28846154,558.7235385,485.4350769,0.868828756,-0.806205304,MPF-2047-20200303-12_51_11,190.2891154,209.776,0.092893775,0.5,1261.2024,10.3597021,58.57892622,0.411753489,0.008853383,1.66342927,DARK-2048-20200303-12_51_14,123.4,86.376,0.225605314,0.801582059,0.142774094,0.718834619,2047,300,300,300,7127.79,207.302,-0.0048239,2.99898,1499.99,1261.2024,0.840807206,0.191614411,1583261121,96.8219,100.002,17.0301,16.021,500.044,99.0927,0.200155,24.9216,24.9841,999.9,0,0,9983.75,0,6.19662,-2.82885,98.8564,101.63,1.00917,96.3809,100.002,16.8631,16.021,1.68756,1.58756,14.7825,13.8386,1499.99,0.973,0.0269998,0,190.469,4.99951,3499.48,13591.7,41.562,43.125,42.562,43.062,43.875,1454.63,40.36,0,105.4000001,190.2891154,0.104854708,-16.74632481,3502.168077,15,1583261141,12:45:40,25,0.441,0.167,100,16,0.41,0.09,97.21694286,-0.492514286,0.025775488,1,1.49379612,-0.032047889,0.003656973,1,2,2,2/2,2.96445,2.79165,0.0268506,0.0286715,0.0886196,0.0877094,22556,29288,23484.2,27820.5,31214.9,33642.8,37509.1,40231.8,2.00567,2.02615,0.107326,0,23.2205,999.9,47.192,29.678,19.9177,61.88,32.6803,1,-0.0552591,1.55015,20.1814,5.26401,12.0159,5.0002,3.288,825.2,9999,9999,9999,1.87903,1.884,1.88196,1.87908,1.87881,1.88095,1.87988,1.87591,5,0,0,0,11111111,oooooooo,off,off,off,off,0,100,100,0.441,0.167,2,513.651,502.146,21.8827,26.4461,30.0001,26.4798,26.4557,7.50426,26.0708,56.0471,21.8881,100,16.0016,100.029,100.353
ME034,plant_1,24,1583261204,3425.5,20200303 12:46:43,12:46:43,1583261204,0.00392656,5.648124869,48.3099,12.14200302,1.20563452,4.79690896,0.264458853,3.424123194,0.253612992,0.159445513,241.6964752,25.37515507,24.9962,3.178957297,52.73140326,1.679239354,3.184514824,1.499717943,-173.1613025,5.408818958,0.334164647,74.27815628,-0.041050512,0.046082796,3.446367696,0,0,1,0,52694.87183,MPF-2004-20200303-11_55_29,73.28846154,558.7235385,485.4350769,0.868828756,-0.806205304,MPF-2049-20200303-12_52_35,200.2241538,216.171,0.073769591,0.5,1261.3704,5.648124869,46.52538897,0.381970755,0.005116919,1.584636878,DARK-2050-20200303-12_52_37,133.6,82.571,0.193128897,0.805771752,0.111608083,0.705660869,2049,300,300,300,7127.7,212.912,-0.00482376,2.03629,1500.19,1261.3704,0.840807098,0.191614196,1583261204,48.3099,50.0459,16.9117,15.7638,500.048,99.0944,0.200133,25.0255,24.9962,999.9,0,0,9990,0,6.19662,-1.63299,49.2461,50.8474,1.1549,47.9719,50.0459,16.7517,15.7638,1.67655,1.56211,14.681,13.59,1500.19,0.973004,0.0269956,0,200.39,4.99951,3682.53,13593.6,41.625,43.187,42.687,43.062,44,1454.83,40.36,0,82.89999986,200.2241538,1.967179485,52.79589748,3675.625385,15,1583261224,12:47:04,26,0.338,0.16,50,16,0.48,0.13,48.44306667,-0.435864935,0.023587493,1,1.501235372,-0.024895938,0.002773333,1,2,2,2/2,2.96446,2.79168,0.0135913,0.0146301,0.0881907,0.0866774,22865.3,29712.5,23486.2,27821.5,31231.5,33681.8,37512.2,40234.2,2.00575,2.02535,0.103898,0,23.289,999.9,46.984,29.729,19.8882,62.16,32.6202,1,-0.0560772,0.995822,20.1855,5.26356,12.0159,5.001,3.288,825.2,9999,9999,9999,1.879,1.884,1.88193,1.87905,1.87881,1.88093,1.87987,1.87588,5,0,0,0,11111111,oooooooo,off,off,off,off,0,100,100,0.338,0.16,2,513.66,501.538,22.1439,26.4422,29.9996,26.4754,26.4513,5.26781,26.9478,55.6763,22.1988,50,15.833,100.037,100.358
ME034,plant_1,25,1583261285,3507,20200303 12:48:05,12:48:05,1583261285,0.004226644,2.248212046,19.3335,5.969035025,0.592719663,1.919798686,0.286455116,3.435413198,0.273816208,0.172224212,241.6581715,25.41725256,25.0271,3.184818551,52.70960664,1.689653217,3.205588744,1.495165334,-186.3949946,20.2064106,1.245165677,76.71475322,-0.041221848,0.046275135,3.457750544,0,0,1,0,52886.20825,MPF-2004-20200303-11_55_29,73.28846154,558.7235385,485.4350769,0.868828756,-0.806205304,MPF-2051-20200303-12_53_56,209.2071538,221.798,0.056767176,0.5,1261.1688,2.248212046,35.79649578,0.401257,0.002421894,1.519064818,DARK-2052-20200303-12_53_58,132.8,88.998,0.141473361,0.791047003,0.084781397,0.694069206,2051,300,300,300,7127.51,218.58,-0.00482361,3.31888,1499.95,1261.1688,0.840807227,0.191614454,1583261285,19.3335,20.0263,17.0158,15.7804,500.087,99.0993,0.199776,25.1362,25.0271,999.9,0,0,10031.2,0,6.19662,-0.80582,19.5533,20.3474,1.23841,18.8825,20.0263,16.8588,15.7804,1.68655,1.56382,14.7732,13.6069,1499.95,0.973,0.0269998,0,208.854,4.99951,3836.45,13591.4,41.687,43.25,42.687,43.125,44.062,1454.59,40.36,0,80.79999995,209.2071538,0.767111109,3.887521358,3835.534231,15,1583261309,12:48:28,27,0.451,0.157,20,16,0.24,0.1,19.21804286,-0.292737662,0.019915454,1,1.500575724,-0.034325806,0.0037922,1,2,2,2/2,2.96456,2.79168,0.00537945,0.00589624,0.0886102,0.0867494,23056.6,29976,23487.1,27821.6,31218.5,33678.6,37514.4,40234.2,2.00592,2.0248,0.101347,0,23.3621,999.9,46.789,29.769,19.8522,61.64,32.7123,1,-0.0552439,1.58247,20.1804,5.26476,12.0159,4.99965,3.288,825.2,9999,9999,9999,1.87899,1.884,1.88192,1.87906,1.87877,1.88093,1.87986,1.87591,5,0,0,0,11111111,oooooooo,off,off,off,off,0,100,100,0.451,0.157,2,513.76,501.107,22.1357,26.4422,30.0001,26.4731,26.4468,3.94893,26.7195,55.3034,22.1234,20,15.8422,100.042,100.358
ME034,plant_1,26,1583261370,3591.5,20200303 12:49:29,12:49:29,1583261370,0.00451391,1.015570467,9.63078,3.93957295,0.391178438,0.956284737,0.306598962,3.427165611,0.292135143,0.183827109,241.6890572,25.37407038,25.0329,3.185919774,52.63519995,1.689339258,3.209523778,1.496580516,-199.0634222,22.89242716,1.41426696,66.93232917,-0.041096659,0.0461346,3.449435119,0,0,1,0,52728.4688,MPF-2004-20200303-11_55_29,73.28846154,558.7235385,485.4350769,0.868828756,-0.806205304,MPF-2053-20200303-12_55_20,208.7929231,220.148,0.051579287,0.5,1261.3287,1.015570467,32.52921766,0.404037284,0.001444331,1.537945103,DARK-2054-20200303-12_55_23,131.2,88.948,0.127659722,0.791945959,0.077319301,0.697468219,2053,300,300,300,7127.34,216.45,-0.00482341,0.647995,1500.14,1261.3287,0.840807325,0.19161465,1583261370,9.63078,9.94574,17.0134,15.6938,499.999,99.0947,0.19993,25.1568,25.0329,999.9,0,0,10001.2,0,6.19662,-0.303955,9.80869,10.1043,1.3226,9.19078,9.94574,16.8594,15.6938,1.68624,1.55517,14.7703,13.5217,1500.14,0.973,0.0269998,0,208.864,4.99951,3826.57,13593.1,41.75,43.312,42.812,43.187,44.125,1454.77,40.37,0,84,208.7929231,-1.35275213,-37.92649571,3829.991154,15,1583261392,12:49:52,28,0.44,0.154,10,16,0.29,0.07,9.67219,-0.245113247,0.01362134,1,1.496449357,-0.019175617,0.002253041,1,2,2,2/2,2.96434,2.79157,0.00262063,0.00293233,0.088609,0.0863963,23121.9,30065.4,23488.5,27821.6,31220.4,33691.6,37516.8,40234.4,2.00567,2.0245,0.0978261,0,23.4258,999.9,46.588,29.829,19.8336,61.88,32.6683,1,-0.0547637,1.71639,20.1791,5.26446,12.0159,5.0001,3.288,825.3,9999,9999,9999,1.87898,1.88401,1.88196,1.87907,1.87877,1.88094,1.87986,1.87589,5,0,0,0,11111111,oooooooo,off,off,off,off,0,100,100,0.44,0.154,2,513.565,500.874,21.9137,26.4422,30,26.4709,26.4446,3.52167,27.1811,54.9317,21.908,10,15.7175,100.048,100.358
ME034,plant_1,27,1583261462,3683.5,20200303 12:51:01,12:51:01,1583261462,0.004610495,14.96100492,395.028,306.337154,30.41710041,39.22347057,0.311972936,3.427468511,0.297012187,0.18691698,241.6789194,25.35419131,25.001,3.179867164,52.22123695,1.67624266,3.209886931,1.503624505,-203.3228199,29.1400713,1.799808224,69.29597898,-0.041101254,0.046139759,3.449740509,0,0,1,0,52733.74827,MPF-2004-20200303-11_55_29,73.28846154,558.7235385,485.4350769,0.868828756,-0.806205304,MPF-2055-20200303-12_56_53,186.7958462,205.358,0.090389241,0.5,1261.278,14.96100492,57.00298086,0.411758977,0.012500979,1.720729353,DARK-2056-20200303-12_56_55,120.8,84.558,0.219519783,0.806911498,0.140548336,0.727935733,2055,300,300,300,7127.03,202.26,-0.0048233,1.94991,1500.08,1261.278,0.840807157,0.191614314,1583261462,395.028,400.019,16.8818,15.5338,500.005,99.0929,0.199987,25.1587,25.001,999.9,0,0,10002.5,0,6.19662,-5.98279,400.803,406.331,1.351,393.596,400.019,16.7308,15.5338,1.67316,1.53929,14.6497,13.3641,1500.08,0.973004,0.0269956,0,186.293,4.99951,3438.69,13592.6,41.812,43.375,42.875,43.25,44.187,1454.72,40.36,0,91.29999995,186.7958462,-5.406017092,-76.72512828,3447.795,15,1583261491,12:51:31,29,1.432,0.151,400,16,0.52,0.15,394.0603333,0.267896104,0.023570226,1,1.501903417,0.002010004,0.000839223,1,2,2,2/2,2.96435,2.79164,0.0921862,0.0959085,0.0881094,0.085747,21046.4,27262.2,23489.7,27822.3,31243.5,33721.6,37518.3,40235.1,2.00592,2.02535,0.0936575,0,23.4624,999.9,46.325,29.87,19.7697,61.68,32.6683,1,-0.0562271,1.22018,20.1836,5.26491,12.0159,5.0005,3.288,825.3,9999,9999,9999,1.87904,1.88401,1.88196,1.8791,1.8788,1.88095,1.87988,1.8759,5,0,0,0,11111111,oooooooo,off,off,off,off,0,100,100,1.432,0.151,2,513.728,501.452,22.1273,26.4467,29.9998,26.4698,26.4424,20.4644,28.0481,54.5589,22.1306,400,15.5609,100.053,100.36
ME034,plant_1,28,1583261552,3774,20200303 12:52:32,12:52:32,1583261552,0.004342204,16.7678341,394.558,290.8669349,28.88398251,39.18082464,0.29310375,3.432653928,0.279875775,0.176061086,241.6773234,25.40982268,25.0414,3.187534236,52.49712187,1.684666822,3.20906511,1.502867414,-191.4911946,20.91191996,1.289887577,72.38793627,-0.041179951,0.046228102,3.45496857,0,0,1,0,52831.54838,MPF-2004-20200303-11_55_29,73.28846154,558.7235385,485.4350769,0.868828756,-0.806205304,MPF-2057-20200303-12_58_23,184.3944615,207.185,0.11000091,0.5,1261.2696,16.7678341,69.37040167,0.404397036,0.013933611,1.696737401,DARK-2058-20200303-12_58_25,123.4,83.785,0.272012156,0.807533954,0.170210065,0.724172099,2057,300,300,300,7126.99,202.488,-0.00482322,2.32062,1500.07,1261.2696,0.840807163,0.191614325,1583261552,394.558,400.054,16.9649,15.6955,500.025,99.1033,0.19978,25.1544,25.0414,999.9,0,0,10020.6,0,6.19662,-5.50229,401.36,406.433,1.26737,393.12,400.054,16.8119,15.6955,1.68108,1.55548,14.7228,13.5247,1500.07,0.973004,0.0269956,0,183.955,4.99951,3407.78,13592.5,41.875,43.437,42.875,43.312,44.187,1454.71,40.36,0,89.9000001,184.3944615,-2.043692295,-25.93777778,3410.809231,15,1583261572,12:52:52,30,1.438,0.153,400,16,0.42,0.12,394.5732857,0.105194805,0.013825934,1,1.503866276,-0.003802714,0.00058205,1,2,2,2/2,2.9644,2.79159,0.0921113,0.0959272,0.0884333,0.0864117,21049.1,27262.4,23490.7,27823.1,31233.8,33698.5,37520.1,40236.6,2.00575,2.02533,0.0936463,0,23.5031,999.9,46.099,29.93,19.7369,61.85,32.6322,1,-0.0543064,2.03131,20.1752,5.26461,12.0159,5.00065,3.288,825.3,9999,9999,9999,1.87899,1.884,1.88197,1.8791,1.87877,1.88095,1.87988,1.87591,5,0,0,0,11111111,oooooooo,off,off,off,off,0,100,100,1.438,0.153,2,513.595,501.413,21.6931,26.4467,30,26.4687,26.4401,20.4614,26.9456,54.1885,21.6707,400,15.7566,100.057,100.364
ME034,plant_1,29,1583261633,3855,20200303 12:53:53,12:53:53,1583261633,0.004048144,15.51937214,394.925,291.5668276,28.95527481,39.2196945,0.271577164,3.431629694,0.260177001,0.163595006,241.6406157,25.39664209,25.0275,3.184894487,52.52228044,1.67755124,3.193980204,1.507343247,-178.5231294,8.84328776,0.545378545,72.50615256,-0.041164402,0.046210648,3.453935911,0,0,1,0,52826.57386,MPF-2004-20200303-11_55_29,73.28846154,558.7235385,485.4350769,0.868828756,-0.806205304,MPF-2059-20200303-12_59_44,184.1814231,205.071,0.101865095,0.5,1261.0764,15.51937214,64.22983375,0.386553925,0.012945748,1.724537055,DARK-2060-20200303-12_59_46,125.8,79.271,0.263521047,0.816893763,0.158515515,0.728526955,2059,300,300,300,7126.91,201.128,-0.00482319,2.84352,1499.84,1261.0764,0.840807286,0.191614573,1583261633,394.925,400.016,16.8922,15.7086,499.992,99.1094,0.199822,25.0753,25.0275,999.9,0,0,10016.2,0,6.19662,-5.0936,401.707,406.4,1.18161,393.484,400.016,16.7372,15.7086,1.67398,1.55687,14.6572,13.5384,1499.84,0.973,0.0269998,0,184.277,4.99951,3400.82,13590.4,41.937,43.5,42.937,43.312,44.25,1454.48,40.36,0,80.39999986,184.1814231,-1.027316246,-35.29230773,3405.421538,15,1583261655,12:54:14,31,1.441,0.155,400,16,0.64,0.13,394.8958095,0.329298701,0.017291944,1,1.506762223,-0.00278339,0.000868438,1,2,2,2/2,2.96432,2.79159,0.0921824,0.0959268,0.0881495,0.0864702,21048.7,27262.7,23492.1,27823.4,31245.6,33696.4,37522.5,40236.6,2.00553,2.02537,0.0949949,0,23.4669,999.9,45.941,29.95,19.6926,61.58,32.7404,1,-0.0546723,1.97467,20.1763,5.26386,12.0159,5.00045,3.288,825.3,9999,9999,9999,1.87897,1.884,1.88192,1.87911,1.87877,1.88095,1.87986,1.87589,5,0,0,0,11111111,oooooooo,off,off,off,off,0,100,100,1.441,0.155,2,513.417,501.426,21.6189,26.4467,30.0001,26.4664,26.4379,20.4641,26.1524,53.8171,21.61,400,15.842,100.064,100.364
ME034,plant_1,31,1583261796,4018,20200303 12:56:36,12:56:36,1583261796,0.002889943,15.26960042,395.112,255.5866931,25.38081573,39.23625578,0.190776525,3.441995919,0.185090855,0.116178505,241.6709394,25.47604715,25.049,3.18897836,53.05202613,1.676462354,3.160034548,1.512516006,-127.4464915,-28.37287076,-1.743142686,84.10843451,-0.04132186,0.046387408,3.46438746,0,0,1,0,53051.98107,MPF-2004-20200303-11_55_29,73.28846154,558.7235385,485.4350769,0.868828756,-0.806205304,MPF-2063-20200303-13_02_27,183.2024615,203.543,0.09993239,0.5,1261.236,15.26960042,63.01916395,0.414374358,0.012746073,1.744990191,DARK-2064-20200303-13_02_29,119.2,84.343,0.241164512,0.808103565,0.156159921,0.731674647,2063,300,300,300,7126.67,201.372,-0.00482303,2.49374,1500.03,1261.236,0.840807184,0.191614368,1583261796,395.112,399.993,16.8821,16.0371,499.976,99.1046,0.199536,24.8961,25.049,999.9,0,0,10055,0,6.19662,-4.82181,401.957,406.512,0.845938,393.67,399.993,16.7151,16.0371,1.67319,1.58935,14.6499,13.856,1500.03,0.973004,0.0269956,0,183.204,4.99951,3385.75,13592.1,42,43.5,43,43.375,44.312,1454.67,40.36,0,80.19999981,183.2024615,-1.056615394,-24.59931622,3388.861154,15,1583261818,12:56:57,33,1.442,0.167,400,16,0.44,0.15,395.1915238,-0.29438961,0.015840331,1,1.513818771,-0.002988043,0.000763247,1,2,2,2/2,2.96428,2.79165,0.0922111,0.095921,0.0880594,0.0877886,21049.5,27263.2,23493.7,27823.8,31251.3,33648.7,37525.5,40237.4,2.00553,2.02527,0.102654,0,23.3625,999.9,45.599,30.031,19.6391,61.51,32.6723,1,-0.0528862,2.36723,20.1711,5.26401,12.0159,5.0008,3.288,825.4,9999,9999,9999,1.87899,1.884,1.88193,1.87906,1.8788,1.88095,1.87987,1.87591,5,0,0,0,11111111,oooooooo,off,off,off,off,0,100,100,1.442,0.167,2,513.417,501.356,21.1495,26.4489,30.0001,26.4664,26.4379,20.4697,24.6274,53.8171,21.1192,400,16.1087,100.071,100.366
ME034,plant_1,32,1583261879,4100.5,20200303 12:57:58,12:57:58,1583261879,0.002325676,14.90120641,395.256,229.1249069,22.75345876,39.25125913,0.153711843,3.426304219,0.149981098,0.094065837,241.6677474,25.45578313,25.0542,3.189966775,53.89355717,1.687902654,3.131919181,1.50206412,-102.5623169,-56.85648144,-3.506535211,78.74241386,-0.041083592,0.046119931,3.448566646,0,0,1,0,52785.28997,MPF-2004-20200303-11_55_29,73.28846154,558.7235385,485.4350769,0.868828756,-0.806205304,MPF-2065-20200303-13_03_49,182.8382692,205.048,0.108314789,0.5,1261.2192,14.90120641,68.30434552,0.414771176,0.012454149,1.724842663,DARK-2066-20200303-13_03_52,120,85.048,0.261143481,0.806146713,0.168562603,0.728574335,2065,300,300,300,7126.56,200.554,-0.00482296,2.34828,1500.01,1261.2192,0.840807195,0.19161439,1583261879,395.256,399.961,16.997,16.3171,500,99.106,0.199916,24.7464,25.0542,999.9,0,0,9996.88,0,6.19662,-4.69736,402.094,406.595,0.668905,393.822,399.961,16.819,16.3171,1.68342,1.61713,14.7444,14.123,1500.01,0.973004,0.0269956,0,182.855,4.99951,3378.74,13591.9,42,43.562,43.062,43.437,44.312,1454.65,40.36,0,82,182.8382692,-1.011247868,-22.30461539,3381.410385,15,1583261898,12:58:17,34,1.434,0.178,400,16,0.53,0.16,395.2582381,0.161454545,0.013557303,1,1.507954144,-0.034225843,0.003852344,1,2,2,2/2,2.96433,2.79152,0.0922396,0.0959183,0.0884629,0.0889081,21049.5,27262.7,23494.5,27823.2,31238.6,33607.5,37527,40237.1,2.00518,2.02545,0.108108,0,23.278,999.9,45.483,30.081,19.6429,61.62,32.6282,1,-0.0516362,2.58734,20.1678,5.26491,12.0159,5.0009,3.288,825.4,9999,9999,9999,1.87898,1.884,1.88192,1.87899,1.87877,1.88094,1.87986,1.87585,5,0,0,0,11111111,oooooooo,off,off,off,off,0,100,100,1.434,0.178,2,513.216,501.511,20.7842,26.4578,30.0001,26.4709,26.4413,20.4776,23.2823,53.8171,20.7858,400,16.3827,100.075,100.365
ME034,plant_1,34,1583262040,4261.5,20200303 13:00:39,13:00:39,1583262040,0.0016819,14.67218886,395.337,172.3967695,17.12012462,39.25954486,0.110393337,3.420217044,0.108451391,0.06795375,241.6613635,25.43484657,25.0221,3.183869488,54.22893584,1.681517716,3.100775794,1.502351772,-74.17180688,-81.66665931,-5.040568205,80.7823291,-0.04099129,0.046016314,3.442429455,0,0,1,0,52701.10245,MPF-2004-20200303-11_55_29,73.28846154,558.7235385,485.4350769,0.868828756,-0.806205304,MPF-2069-20200303-13_06_30,182.6516923,204.405,0.106422581,0.5,1261.1856,14.67218886,67.10931343,0.387490521,0.012272892,1.733414244,DARK-2070-20200303-13_06_33,125.2,79.205,0.274645637,0.817299424,0.165908191,0.72989892,2069,300,300,300,7126.36,200.322,-0.0048228,2.34195,1499.97,1261.1856,0.840807216,0.191614433,1583262040,395.337,399.898,16.9326,16.4409,500.028,99.1064,0.200128,24.5792,25.0221,999.9,0,0,9974.38,0,6.19662,-4.61783,402.087,406.583,0.488707,393.869,399.898,16.7496,16.4409,1.67783,1.6294,14.6928,14.2396,1499.97,0.973004,0.0269956,0,182.768,4.99951,3378.27,13591.6,42.062,43.625,43.125,43.437,44.312,1454.61,40.36,0,80.79999995,182.6516923,-0.193572661,-15.44034187,3380.073462,15,1583262058,13:00:57,36,1.468,0.183,400,16,0.61,0.33,395.3133333,-0.219896104,0.016844763,1,1.50550548,-0.017302246,0.002225662,1,2,2,2/2,2.9644,2.79153,0.0922458,0.0959064,0.0881921,0.0893988,21050.4,27263.8,23495.7,27824,31249.6,33590.1,37529,40237.8,2.00463,2.02513,0.116929,0,23.1006,999.9,45.269,30.142,19.6181,61.9601,32.6242,1,-0.0523908,2.13955,20.1744,5.26506,12.0159,5.001,3.288,825.4,9999,9999,9999,1.87897,1.88397,1.88188,1.87901,1.87873,1.88091,1.87986,1.87581,5,0,0,0,11111111,oooooooo,off,off,off,off,0,100,100,1.468,0.183,2,512.92,501.358,20.9943,26.4645,30,26.4798,26.449,20.4862,22.8176,53.8171,20.9864,400,16.4493,100.08,100.367
ME034,plant_1,35,1583262121,4342.5,20200303 13:02:00,13:02:00,1583262121,0.001629003,17.29462063,494.613,221.2684238,21.97288071,49.11714135,0.106185343,3.429134381,0.104391913,0.065403555,241.6565755,25.44451411,25.0262,3.184647702,53.95255951,1.6729379,3.100757249,1.511709802,-71.83901941,-82.6560444,-5.088470251,82.07304147,-0.041126531,0.046168134,3.451420076,0,0,1,0,52867.86879,MPF-2004-20200303-11_55_29,73.28846154,558.7235385,485.4350769,0.868828756,-0.806205304,MPF-2071-20200303-13_07_51,182.6248462,206.935,0.117477246,0.5,1261.1604,17.29462063,74.07882513,0.436538043,0.014352517,1.699995353,DARK-2072-20200303-13_07_54,116.6,90.335,0.269111129,0.795679279,0.181898866,0.724687101,2071,300,300,300,7126.26,201.762,-0.00482271,2.27995,1499.94,1261.1604,0.840807233,0.191614465,1583262121,494.613,499.996,16.8466,16.3703,500.004,99.1043,0.199886,24.5791,25.0262,999.9,0,0,10007.5,0,6.19662,-5.63379,502.833,508.317,0.476299,492.894,499.996,16.6636,16.3703,1.66958,1.62237,14.6164,14.173,1499.94,0.973004,0.0269956,0,182.777,4.99951,3376.84,13591.3,42.062,43.625,43.125,43.5,44.375,1454.58,40.36,0,80.79999995,182.6248462,0.053811959,-11.3408547,3378.277692,15,1583262142,13:02:21,37,1.719,0.183,500,16,0.43,0.16,494.3095238,0.499792208,0.02811815,1,1.512913056,-0.010678176,0.001458793,1,2,2,2/2,2.96433,2.79158,0.109108,0.11327,0.0878538,0.0891138,20660.5,26739,23496.9,27822.7,31264.1,33600.4,37531.3,40236.4,2.00452,2.02537,0.119552,0,23.0615,999.9,45.184,30.192,19.6414,61.7801,32.6122,1,-0.0519487,2.11273,20.1749,5.26401,12.0159,5.0011,3.288,825.5,9999,9999,9999,1.87897,1.884,1.8819,1.87903,1.87873,1.88093,1.87984,1.87583,5,0,0,0,11111111,oooooooo,off,off,off,off,0,100,100,1.719,0.183,2,512.914,501.599,21.0447,26.469,30.0002,26.4865,26.4557,24.491,22.8346,53.8171,21.0312,500,16.4375,100.086,100.363
ME034,plant_1,36,1583262208,4429.5,20200303 13:03:27,13:03:27,1583262208,0.00122664,18.32615964,594.294,214.8445113,21.33565261,59.0177997,0.080252675,3.419053946,0.079220696,0.049604549,241.6581715,25.50382265,25.0462,3.188446248,54.56606174,1.688543805,3.094494546,1.499902443,-54.09483575,-92.32991341,-5.70037565,89.53304671,-0.040973662,0.045996525,3.441256805,0,0,1,0,52685.37052,MPF-2004-20200303-11_55_29,73.28846154,558.7235385,485.4350769,0.868828756,-0.806205304,MPF-2073-20200303-13_09_18,182.6559231,206.872,0.117058263,0.5,1261.1688,18.32615964,73.81511438,0.404462663,0.015170344,1.7008176,DARK-2074-20200303-13_09_21,123.2,83.672,0.289416733,0.807881796,0.181280397,0.724816881,2073,300,300,300,7126.22,203.428,-0.0048227,1.66325,1499.95,1261.1688,0.840807227,0.191614454,1583262208,594.294,599.961,17.0032,16.6446,500,99.1073,0.200113,24.5453,25.0462,999.9,0,0,9970,0,6.19662,-5.76489,604.468,610.116,0.34857,592.477,599.961,16.8102,16.6446,1.68415,1.6496,14.7511,14.4301,1499.95,0.973004,0.0269956,0,182.806,4.99951,3376.91,13591.4,42.062,43.625,43.125,43.5,44.375,1454.59,40.36,0,86.5,182.6559231,-0.502427345,-14.85743592,3378.92,15,1583262231,13:03:50,38,1.817,0.193,600,17,0.34,0.18,594.1748095,0.494025974,0.044660219,1,1.506451972,-0.029704638,0.00340239,1,2,2,2/2,2.96431,2.79149,0.12449,0.129001,0.0884269,0.0902054,20303.9,26264.5,23497.1,27822.5,31245.7,33561.3,37532.1,40236.3,2.00448,2.0256,0.122324,0,23.036,999.9,45.043,30.232,19.6225,61.8401,32.7925,1,-0.0502464,2.47443,20.1697,5.26506,12.0159,4.99975,3.288,825.5,9999,9999,9999,1.87897,1.884,1.8819,1.87905,1.87878,1.88095,1.87986,1.8759,5,0,0,0,11111111,oooooooo,off,off,off,off,0,100,100,1.817,0.193,2,512.923,501.822,20.7529,26.4734,29.9999,26.491,26.4624,28.3811,21.7762,53.8171,20.7424,600,16.6446,100.088,100.362
ME034,plant_1,37,1583262294,4515.5,20200303 13:04:53,13:04:53,1583262294,0.001060975,19.12862624,694.077,236.3325099,23.46906702,68.9255136,0.069245626,3.429836014,0.068478242,0.042867139,241.6581715,25.43306986,25.0119,3.181934166,54.66569505,1.681010056,3.07507305,1.50092411,-46.78897555,-105.7311487,-6.502666643,82.63538062,-0.041137178,0.046180086,3.452127479,0,0,1,0,52905.72583,MPF-2004-20200303-11_55_29,73.28846154,558.7235385,485.4350769,0.868828756,-0.806205304,MPF-2075-20200303-13_10_45,182.4308077,207.766,0.121940993,0.5,1261.1688,19.12862624,76.8940878,0.413763561,0.015806632,1.689196204,DARK-2076-20200303-13_10_47,121.8,85.966,0.294711773,0.803247039,0.188397204,0.722975234,2075,300,300,300,7126.21,202.852,-0.00482272,2.10329,1499.95,1261.1688,0.840807227,0.191614454,1583262294,694.077,699.985,16.9277,16.6175,499.988,99.1052,0.200084,24.4401,25.0119,999.9,0,0,10010,0,6.19662,-6.0354,705.9,711.814,0.311209,692.133,699.985,16.7357,16.6175,1.67772,1.64688,14.6918,14.4046,1499.95,0.973004,0.0269956,0,182.197,4.99951,3373.54,13591.4,42.062,43.625,43.125,43.5,44.375,1454.59,40.36,0,85.79999995,182.4308077,-0.493572647,-13.52410257,3375.066923,15,1583262322,13:05:21,39,1.944,0.192,700,17,0.71,0.12,693.9159048,0.403324675,0.022786597,1,1.502967841,-0.020575479,0.00248823,1,2,2,2/2,2.96429,2.79181,0.138611,0.143441,0.0881337,0.0900935,19977.5,25829.9,23498.3,27823.3,31258.1,33567.1,37533.9,40237.3,2.0044,2.02565,0.124518,0,22.9654,999.9,45.043,30.252,19.6454,61.9401,32.7925,1,-0.0505107,2.34935,20.172,5.26416,12.0159,5.00085,3.288,825.5,9999,9999,9999,1.87901,1.884,1.88195,1.8791,1.8788,1.88094,1.87988,1.87592,5,0,0,0,11111111,oooooooo,off,off,off,off,0,100,100,1.944,0.192,2,512.914,501.901,20.5888,26.4734,30,26.4954,26.4668,32.1684,22.4373,54.2712,20.5913,700,16.6561,100.093,100.365
ME034,plant_1,38,1583262387,4608.5,20200303 13:06:26,13:06:26,1583262387,0.000979253,20.5103196,793.807,263.8738397,26.20503923,78.83215555,0.064052988,3.429617713,0.063395749,0.039680831,241.6932832,25.42079166,24.9928,3.178312946,54.79452558,1.681856992,3.069388729,1.496455953,-43.18506024,-107.9062103,-6.635187992,83.96682474,-0.041133865,0.046176367,3.451907382,0,0,1,0,52907.22219,MPF-2004-20200303-11_55_29,73.28846154,558.7235385,485.4350769,0.868828756,-0.806205304,MPF-2077-20200303-13_12_18,182.4822692,208.691,0.125586301,0.5,1261.3536,20.5103196,79.20436655,0.379944511,0.016899722,1.677276636,DARK-2078-20200303-13_12_20,129.4,79.291,0.330538532,0.81531178,0.193561591,0.721069727,2077,300,300,300,7126.17,203.626,-0.00482267,2.79111,1500.17,1261.3536,0.840807109,0.191614218,1583262387,793.807,800.138,16.9356,16.6493,499.996,99.1091,0.19987,24.4092,24.9928,999.9,0,0,10008.8,0,6.19662,-6.67438,807.133,813.686,0.285391,791.52,800.138,16.7426,16.6493,1.67838,1.65009,14.6979,14.4347,1500.17,0.973004,0.0269956,0,182.305,4.99951,3375.16,13593.4,42.062,43.687,43.125,43.5,44.375,1454.81,40.36,0,92.70000005,182.4822692,-0.859863257,-12.64786325,3376.403462,15,1583262407,13:06:47,40,2.287,0.193,800,17,0.47,0.32,793.4292381,0.446025974,0.027272705,1,1.498372197,-0.003721789,0.001233541,1,2,2,2/2,2.9643,2.79157,0.151698,0.156872,0.0881632,0.0902212,19674.4,25425,23498.8,27823.5,31258.6,33563.1,37534.9,40237.2,2.0042,2.026,0.126712,0,22.9102,999.9,45.007,30.303,19.6878,61.7001,32.5601,1,-0.0514304,1.97874,20.1765,5.26416,12.0159,4.9996,3.288,825.5,9999,9999,9999,1.87902,1.884,1.88198,1.87909,1.8788,1.88095,1.87988,1.87592,5,0,0,0,11111111,oooooooo,off,off,off,off,0,100,100,2.287,0.193,2,512.817,502.213,20.8799,26.4779,29.9999,26.4999,26.4735,35.8472,22.6059,54.6537,20.8655,800,16.641,100.095,100.365
ME034,plant_1,39,1583262472,4693.5,20200303 13:07:51,13:07:51,1583262472,0.000866707,20.45558594,893.595,293.1675568,29.11428889,88.74236721,0.056315787,3.431824687,0.055807382,0.034924909,241.6884802,25.48610697,25.0364,3.186584466,54.66848471,1.68208245,3.076877765,1.504502015,-38.22179494,-108.5121963,-6.67099208,88.28349681,-0.041167362,0.04621397,3.454132508,0,0,1,0,52941.29757,MPF-2004-20200303-11_55_29,73.28846154,558.7235385,485.4350769,0.868828756,-0.806205304,MPF-2079-20200303-13_13_42,182.7216154,211.441,0.135826943,0.5,1261.328392,20.45558594,85.66118971,0.381387716,0.016856666,1.642455997,DARK-2080-20200303-13_13_45,130.8,80.641,0.356138746,0.811552783,0.2078817,0.715404706,2079,300,300,300,7126.07,205.394,-0.00482275,3.01268,1500.14,1261.328392,0.84080712,0.191614239,1583262472,893.595,899.909,16.9378,16.6844,499.986,99.1096,0.199782,24.4499,25.0364,999.9,0,0,10016.9,0,6.14403,-6.52557,908.776,915.179,0.252401,891.097,899.909,16.7438,16.6844,1.6786,1.65359,14.7,14.4675,1500.14,0.973009,0.0269914,0,183.055,4.99951,3378.45,13593.1,42.125,43.687,43.187,43.5,44.375,1454.79,40.36,0,84.4000001,182.7216154,-0.791794859,-15.91521368,3380.058462,15,1583262489,13:08:09,41,2.498,0.194,900,17,0.47,0.19,893.366619,0.362649351,0.029277777,1,1.507647774,-0.009088181,0.00128872,1,2,2,2/2,2.96427,2.79156,0.16397,0.169391,0.0881668,0.0903597,19390.1,25047.1,23499.1,27822.9,31259.6,33558.7,37535.5,40237,2.0042,2.02577,0.128746,0,22.9205,999.9,44.933,30.343,19.6995,61.6901,32.6122,1,-0.0496189,2.26579,20.1726,5.26401,12.0159,5.00005,3.288,825.6,9999,9999,9999,1.87904,1.884,1.88198,1.87912,1.87881,1.88095,1.8799,1.87592,5,0,0,0,11111111,oooooooo,off,off,off,off,0,100,100,2.498,0.194,2,512.882,502.097,20.876,26.4824,30.0002,26.5066,26.4779,39.4644,22.2646,54.6537,20.8423,900,16.7189,100.096,100.364
ME034,plant_1,40,1583262559,4780.5,20200303 13:09:18,13:09:18,1583262559,0.000757993,20.56472222,993.617,306.166925,30.40632674,98.67899073,0.049345935,3.419876459,0.048953762,0.030631076,241.6533836,25.47695766,25.0388,3.187040325,54.95050028,1.687028317,3.070087276,1.500012007,-33.42749074,-115.3802352,-7.1167636,85.72889403,-0.040986128,0.046010519,3.442086073,0,0,1,0,52724.31202,MPF-2004-20200303-11_55_29,73.28846154,558.7235385,485.4350769,0.868828756,-0.806205304,MPF-2081-20200303-13_15_10,182.7793077,209.891,0.129170342,0.5,1261.1436,20.56472222,81.45117525,0.38253665,0.016945673,1.661969968,DARK-2082-20200303-13_15_12,129.6,80.291,0.337667887,0.812895372,0.198471365,0.718597718,2081,300,300,300,7126.13,204.448,-0.00482262,1.79114,1499.92,1261.1436,0.840807243,0.191614487,1583262559,993.617,999.957,16.987,16.7654,499.995,99.1126,0.200305,24.413,25.0388,999.9,0,0,9972.5,0,6.19662,-6.58643,1010.53,1017.01,0.218678,990.872,999.957,16.79,16.7654,1.68333,1.66166,14.7436,14.5428,1499.92,0.973004,0.0269956,0,182.881,4.99951,3377.04,13591.2,42.062,43.687,43.187,43.5,44.375,1454.56,40.36,0,86.39999986,182.7793077,-1.11507692,-16.69196585,3379.713077,15,1583262579,13:09:39,42,2.745,0.197,1000,17,0.26,0.13,993.3723333,0.395844156,0.023827422,1,1.503825289,-0.018426781,0.002258784,1,2,2,2/2,2.96429,2.79169,0.175566,0.181224,0.0883481,0.0906805,19121.3,24689.8,23499.2,27822.3,31254.5,33547.1,37536.2,40236.3,2.00435,2.0262,0.129275,0,22.9141,999.9,44.909,30.353,19.7003,61.9901,32.6603,1,-0.0486484,2.51095,20.1691,5.26251,12.0159,5,3.288,825.6,9999,9999,9999,1.879,1.884,1.88193,1.87905,1.87879,1.88095,1.87988,1.87591,5,0,0,0,11111111,oooooooo,off,off,off,off,0,100,100,2.745,0.197,2,513.008,502.44,20.6,26.4846,30.0001,26.5088,26.4824,43.0093,22.1826,55.1912,20.5899,1000,16.7568,100.098,100.362
ME034,plant_1,41,1583262650,4871.9,20200303 13:10:50,13:10:50,1583262650,0.000730996,21.31441951,1193.362,455.0526995,45.19768208,118.5295601,0.04781158,3.425947978,0.047443965,0.029685271,241.6916872,25.43098122,24.9881,3.177422412,55.03553506,1.684536075,3.060815294,1.492886338,-32.23691993,-115.5481369,-7.110862333,86.79576806,-0.041078188,0.046113865,3.448207477,0,0,1,0,52847.15934,MPF-2004-20200303-11_55_29,73.28846154,558.7235385,485.4350769,0.868828756,-0.806205304,MPF-2083-20200303-13_16_41,182.7855769,211.113,0.13418133,0.5,1261.3452,21.31441951,84.62448816,0.412636834,0.017537328,1.646561502,DARK-2084-20200303-13_16_44,124,87.113,0.325180204,0.799612875,0.205532508,0.716080388,2083,300,300,300,7126.16,205.922,-0.00482277,1.81223,1500.16,1261.3452,0.840807114,0.191614228,1583262650,1193.362,1199.96,16.96,16.7463,500.026,99.124,0.200061,24.3625,24.9881,999.9,0,0,9993.75,0,6.19662,-6.80127,1213.75,1220.4,0.215719,1190.41,1199.96,16.765,16.7463,1.68134,1.65996,14.7252,14.527,1500.16,0.973004,0.0269956,0,182.793,4.99951,3378.84,13593.3,42.062,43.687,43.187,43.5,44.375,1454.8,40.36,0,91.20000005,182.7855769,-0.637982904,-18.79863248,3381.155385,15,1583262683,13:11:23,43,2.947,0.195,1200,17,0.84,0.23,1193.186667,0.462857143,0.042126039,1,1.495323565,-0.02510952,0.002805774,1,2,2,2/2,2.96437,2.79164,0.197019,0.203091,0.0882609,0.0906159,18625.3,24030.6,23501,27822.4,31261,33551,37539,40236.6,2.00443,2.0263,0.129044,0,22.8671,999.9,44.909,30.383,19.7315,61.7301,32.6963,1,-0.0510747,1.81147,20.1786,5.26386,12.0159,5.0001,3.288,825.6,9999,9999,9999,1.87903,1.884,1.88196,1.8791,1.8788,1.88095,1.87988,1.87592,5,0,0,0,11111111,oooooooo,off,off,off,off,0,100,100,2.947,0.195,2,513.081,502.511,20.8136,26.4846,29.9996,26.511,26.4824,49.8824,22.5774,55.5769,20.8256,1200,16.8005,100.105,100.363
ME034,plant_1,42,1583262763,4984.9,20200303 13:12:43,13:12:43,1583262763,0.00067146,21.63002624,1493.179,675.1722412,67.06764718,148.3236369,0.043997865,3.436886003,0.043687335,0.027332301,241.6533836,25.4177497,24.9889,3.177573977,55.23304141,1.688233206,3.056563903,1.489340771,-29.61140025,-120.3639931,-7.382824805,84.29516543,-0.041244217,0.046300247,3.45923547,0,0,1,0,53056.30626,MPF-2004-20200303-11_55_29,73.28846154,558.7235385,485.4350769,0.868828756,-0.806205304,MPF-2085-20200303-13_18_34,182.5385769,211.255,0.135932513,0.5,1261.1436,21.63002624,85.71520956,0.390310289,0.017790386,1.644782554,DARK-2086-20200303-13_18_36,128.8,82.455,0.34826782,0.808210082,0.208140491,0.715787867,2085,300,300,300,7126.16,206.198,-0.00482272,2.86934,1499.92,1261.1436,0.840807243,0.191614487,1583262763,1493.179,1499.91,16.9955,16.7992,499.996,99.1343,0.19983,24.3393,24.9889,999.9,0,0,10033.1,0,6.19662,-7.30786,1518.41,1525.54,0.194284,1489.66,1499.91,16.7985,16.7992,1.68463,1.66537,14.7556,14.5774,1499.92,0.973004,0.0269956,0,182.185,4.99951,3374.12,13591.1,42.062,43.687,43.187,43.5,44.375,1454.56,40.36,0,112.3999999,182.5385769,-0.017333338,-8.794188038,3375.487308,15,1583262782,13:13:01,44,3.526,0.197,1500,17,0.82,0.16,1492.580476,0.274285714,0.022985749,1,1.492923107,-0.021280005,0.002666283,1,2,2,2/2,2.9643,2.79175,0.225736,0.232321,0.0884006,0.0908341,17960,23150.3,23501.8,27823.3,31259,33546.7,37540.7,40238.8,2.00433,2.02752,0.130687,0,22.8408,999.9,44.921,30.434,19.7913,61.8601,32.6683,1,-0.0499949,2.23179,20.1734,5.26371,12.0159,5.00085,3.288,825.6,9999,9999,9999,1.879,1.88399,1.88194,1.87911,1.87879,1.88094,1.87988,1.8759,5,0,0,0,11111111,oooooooo,off,off,off,off,0,100,100,3.526,0.197,2,512.969,503.355,20.5828,26.4779,29.9999,26.5066,26.4802,59.7239,22.7459,56.012,20.907,1500,16.742,100.109,100.367
ME034,plant_2,20,1583267444,3040.9,20200303 14:30:43,14:30:43,1583267444,0.002049996,24.6252208,392.896,90.87961358,9.030141294,39.03962896,0.135581938,3.431979011,0.132675079,0.083177903,241.6576096,25.46535145,24.9971,3.17912788,53.84989443,1.681384085,3.12235354,1.497743795,-90.40480247,-55.85900295,-3.437445711,91.95635842,-0.041079261,0.04611507,3.448278827,0,0,1,0,52790.28346,MPF-2089-20200303-13_45_54,74.09423077,550.9747692,476.8805385,0.865521554,-0.860948317,MPF-2126-20200303-14_36_35,188.7628077,225.721,0.163733956,0.5,1261.1685,24.6252208,103.2480539,0.480774939,0.020208377,1.440954848,DARK-2127-20200303-14_36_37,117.2,108.521,0.340562585,0.749821779,0.243744508,0.682044544,2126,300,300,300,7131.45,218.814,-0.00482648,1.94044,1499.95,1261.1685,0.840807027,0.191614054,1583267444,392.896,400.042,16.9215,16.3552,500.001,99.1638,0.199973,24.6952,24.9971,999.9,0,0,9990,0,6.08292,-7.16672,399.639,406.694,0.568296,391.417,400.042,16.7475,16.3552,1.6782,1.62185,14.6963,14.168,1499.95,0.973008,0.0269919,0,188.994,4.99951,3467.42,13591.4,41.062,42.625,42.062,42.562,43.437,1454.6,40.35,0,132.7,188.7628077,-0.863623918,-3.960341869,3467.826154,15,1583267464,14:31:04,66,1.479,0.174,400,16,0.28,0.27,392.8925714,0.046909091,0.006744108,1,1.500847777,-0.018194514,0.00213177,1,2,2,2/2,2.96444,2.79152,0.0918823,0.0960111,0.0882579,0.0891307,21104.8,27276.7,23546.6,27839.9,31319.3,33623.1,37615.4,40265.7,2.00668,2.02338,0.112444,0,23.1494,999.9,42.681,31.199,19.6381,61.7376,32.4279,1,-0.0631301,1.73938,20.179,5.26491,12.0159,5.0007,3.288,826.9,9999,9999,9999,1.87908,1.884,1.88201,1.87912,1.87881,1.88095,1.87988,1.87591,5,0,0,0,11111111,oooooooo,off,off,off,off,0,100,100,1.479,0.174,2,513.339,499.202,21.391,26.3397,30.0001,26.3753,26.3537,20.5565,24.2119,58.1085,21.3973,400,16.3867,100.305,100.432
ME034,plant_2,21,1583267555,3152.4,20200303 14:32:35,14:32:35,1583267555,0.002397201,22.46726322,293.413,60.31501683,5.99311606,29.15456639,0.160616684,3.434182049,0.156557093,0.098204375,241.6464376,25.39330902,24.9418,3.168661358,53.92463397,1.684361743,3.123547847,1.484299615,-105.716561,-44.47149815,-2.734253267,88.72412527,-0.04111261,0.046152506,3.450495097,0,0,1,0,52830.2547,MPF-2089-20200303-13_45_54,74.09423077,550.9747692,476.8805385,0.865521554,-0.860948317,MPF-2128-20200303-14_38_26,186.4303846,218.521,0.146853691,0.5,1261.1097,22.46726322,92.59930705,0.470073814,0.018498162,1.521381328,DARK-2129-20200303-14_38_28,115.8,102.721,0.312405598,0.763954606,0.222192988,0.697142664,2128,300,300,300,7130.97,214.87,-0.00482608,2.53851,1499.88,1261.1097,0.840807065,0.19161413,1583267555,293.413,299.924,16.9515,16.2893,499.996,99.1637,0.199881,24.7016,24.9418,999.9,0,0,9998.12,0,5.92658,-6.22763,298.762,304.89,0.666201,292.217,299.924,16.7815,16.2893,1.68137,1.61531,14.7255,14.1056,1499.88,0.973008,0.0269919,0,186.885,4.99951,3427.94,13590.8,41.25,42.812,42.25,42.75,43.625,1454.53,40.35,0,110.8,186.4303846,0.869333337,2.922051268,3427.360385,15,1583267578,14:32:58,67,1.196,0.17,300,16,0.66,0.21,293.779619,-0.904051948,0.04655716,0,1.492638219,-0.044006943,0.004805446,1,1,2,1/2,2.96443,2.7915,0.0728608,0.0765141,0.0883901,0.0888688,21548.2,27864.8,23548,27839.7,31315.7,33631.4,37617.9,40265.6,2.00665,2.02295,0.10848,0,23.1591,999.9,42.608,31.209,19.6161,61.8176,32.5881,1,-0.0639177,1.42179,20.1823,5.26476,12.0159,5.001,3.288,827,9999,9999,9999,1.87908,1.884,1.88201,1.87912,1.87881,1.88095,1.87989,1.87592,5,0,0,0,11111111,oooooooo,off,off,off,off,0,100,100,1.196,0.17,2,513.3,498.861,21.6028,26.3423,30,26.3731,26.3492,16.3927,24.3987,58.1085,21.6172,300,16.2953,100.312,100.431
ME034,plant_2,22,1583267669,3266.5,20200303 14:34:29,14:34:29,1583267669,0.003054992,19.00173624,194.468,40.14435048,3.989041137,19.32378635,0.206443323,3.437675146,0.199794918,0.125451321,241.6816393,25.401601,24.9526,3.170703084,53.55367801,1.688461392,3.152839273,1.482241691,-134.7251439,-17.55093495,-1.078899798,88.32666061,-0.041165505,0.046211886,3.454009183,0,0,1,0,52867.76553,MPF-2089-20200303-13_45_54,74.09423077,550.9747692,476.8805385,0.865521554,-0.860948317,MPF-2130-20200303-14_40_20,186.0528077,217.499,0.144580859,0.5,1261.287,19.00173624,91.17897914,0.426204258,0.01574795,1.533228977,DARK-2131-20200303-14_40_23,124.8,92.699,0.339229035,0.78248595,0.219282751,0.699285759,2130,300,300,300,7130.62,208.994,-0.00482577,3.16338,1500.09,1261.287,0.840807552,0.191615104,1583267669,194.468,199.974,16.9921,16.1483,500.039,99.1675,0.199935,24.8579,24.9526,999.9,0,0,10010.6,0,6.08292,-5.11511,198.229,203.257,0.850832,193.663,199.974,16.8291,16.1483,1.68576,1.60139,14.7659,13.9722,1500.09,0.972988,0.0270116,0,185.609,4.99951,3418.67,13592.6,41.375,42.937,42.375,42.875,43.75,1454.71,40.38,0,113.4000001,186.0528077,-1.353606846,-28.00957265,3421.627692,15,1583267689,14:34:48,68,0.805,0.163,200,16,0.38,0.14,194.9792857,-1.280883117,0.064768557,0,1.492010213,-0.052596879,0.005605705,1,1,2,1/2,2.96453,2.79166,0.0513044,0.0543024,0.0885777,0.0883089,22049.2,28535.4,23548,27840.1,31308.2,33651,37618.1,40266.1,2.00658,2.02235,0.104152,0,23.2412,999.9,42.541,31.219,19.5969,61.9594,32.3998,1,-0.0640752,1.15352,20.1849,5.26416,12.0159,5.0003,3.288,827,9999,9999,9999,1.87902,1.884,1.88199,1.8791,1.87881,1.88094,1.87988,1.8759,5,0,0,0,11111111,oooooooo,off,off,off,off,0,100,100,0.805,0.163,2,513.27,498.44,21.9446,26.3464,29.9998,26.3753,26.3492,12.0537,25.0608,58.1085,21.9602,200,16.1331,100.312,100.432
ME034,plant_2,23,1583267780,3377,20200303 14:36:19,14:36:19,1583267780,0.003768475,11.53994213,96.6955,21.05066088,2.092000364,9.609533037,0.257657249,3.425093467,0.247353206,0.155487195,241.6752553,25.39381555,24.9589,3.171894621,53.27632602,1.694904365,3.181346184,1.476990256,-166.1897462,9.214216587,0.568951676,85.26867738,-0.040975092,0.045998131,3.44135195,0,0,1,0,52606.71885,MPF-2089-20200303-13_45_54,74.09423077,550.9747692,476.8805385,0.865521554,-0.860948317,MPF-2132-20200303-14_42_11,192.3216538,210.838,0.087822623,0.5,1261.2534,11.53994213,55.38329084,0.403333365,0.009832196,1.613261221,DARK-2133-20200303-14_42_13,125.8,85.038,0.217742023,0.799992836,0.135409067,0.713253618,2132,300,300,300,7130.38,208.452,-0.00482558,1.99261,1500.05,1261.2534,0.840807573,0.191615147,1583267780,96.6955,100.041,17.0549,16.0139,499.943,99.1792,0.20012,25.0088,24.9589,999.9,0,0,9963.12,0,6.08292,-3.0546,98.6699,101.669,1.047,96.1815,100.041,16.8979,16.0139,1.69208,1.58824,14.824,13.8452,1500.05,0.972992,0.0270081,0,191.924,4.99951,3531.41,13592.3,41.5,43,42.5,42.937,43.875,1454.67,40.38,0,109.8,192.3216538,-1.224239311,-6.145299132,3531.595,15,1583267798,14:36:38,69,0.514,0.157,100,16,0.24,0.13,97.04214286,-0.630280519,0.033366373,0,1.487814427,-0.059720672,0.006344372,1,1,2,1/2,2.96429,2.79143,0.0268297,0.0287171,0.0888541,0.0877803,22619,29308,23548.9,27840.5,31298.6,33670.1,37619.6,40267.7,2.00675,2.02218,0.0978634,0,23.351,999.9,42.467,31.219,19.5602,62.2694,32.6162,1,-0.0652287,0.761683,20.1867,5.26177,12.0159,4.9989,3.28733,827,9999,9999,9999,1.879,1.88399,1.88192,1.87905,1.87876,1.88092,1.87986,1.87579,5,0,0,0,11111111,oooooooo,off,off,off,off,0,100,100,0.514,0.157,2,513.37,498.296,22.1314,26.3486,29.999,26.3731,26.347,7.56427,25.7207,58.1085,22.166,100,15.8626,100.316,100.435
ME034,plant_2,24,1583267863,3460,20200303 14:37:42,14:37:42,1583267863,0.004021329,5.710923247,48.2952,12.59391934,1.251676546,4.799933008,0.27121335,3.437221261,0.259860687,0.163393322,241.6752553,25.46162564,25.0481,3.188807316,52.67964379,1.688531818,3.205283287,1.500275498,-177.340606,16.02909638,0.987326718,81.35107242,-0.041158631,0.046204169,3.45355257,0,0,1,0,52810.68029,MPF-2089-20200303-13_45_54,74.09423077,550.9747692,476.8805385,0.865521554,-0.860948317,MPF-2134-20200303-14_43_34,204.4446154,221.042,0.075087018,0.5,1261.2534,5.710923247,47.35187834,0.477022466,0.005210588,1.492624792,DARK-2135-20200303-14_43_36,115.6,105.442,0.157407718,0.757813251,0.11294751,0.691856225,2134,300,300,300,7130.31,216.85,-0.00482554,1.41147,1500.05,1261.2534,0.840807573,0.191615147,1583267863,48.2952,49.9544,16.9894,15.8787,500.043,99.1876,0.199772,25.1346,25.0481,999.9,0,0,10006.9,0,6.08292,-1.56415,49.2267,50.7604,1.11477,47.8762,49.9544,16.8364,15.8787,1.68554,1.57497,14.7639,13.716,1500.05,0.972992,0.0270081,0,204.913,4.99951,3750.16,13592.3,41.562,43.062,42.562,43,43.937,1454.67,40.38,0,82.70000005,204.4446154,2.583863249,52.98017094,3743.843462,15,1583267884,14:38:04,70,0.419,0.153,50,16,0.41,0.12,48.43241905,-0.457075325,0.024078713,1,1.504779845,-0.035115536,0.003893176,1,2,2,2/2,2.96454,2.79147,0.0135821,0.0146228,0.0886254,0.0872459,22927.9,29733.1,23549.8,27840.2,31307,33688.5,37620.9,40267.3,2.00655,2.0219,0.0995211,0,23.4131,999.9,42.419,31.219,19.5366,61.4994,32.4038,1,-0.0636458,1.59748,20.1805,5.26521,12.0159,5.0004,3.288,827.1,9999,9999,9999,1.87897,1.884,1.88197,1.87904,1.87879,1.88094,1.87987,1.87582,5,0,0,0,11111111,oooooooo,off,off,off,off,0,100,100,0.419,0.153,2,513.188,498.039,22.136,26.3441,29.9999,26.3686,26.3404,5.32902,26.2151,58.1085,22.1377,50,15.8954,100.32,100.434
ME034,plant_2,25,1583267945,3542.5,20200303 14:39:05,14:39:05,1583267945,0.004405557,2.52812696,19.3255,4.988991732,0.49585971,1.920776248,0.300054451,3.436116652,0.286220847,0.180077768,241.6320738,25.40444283,24.9997,3.17962072,52.54812795,1.687237765,3.210842767,1.492382954,-194.2850816,30.38065904,1.871744111,79.59939528,-0.041141902,0.04618539,3.452441323,0,0,1,0,52785.01523,MPF-2089-20200303-13_45_54,74.09423077,550.9747692,476.8805385,0.865521554,-0.860948317,MPF-2136-20200303-14_44_56,208.5936154,220.579,0.054336018,0.5,1261.0341,2.52812696,34.25978608,0.443283359,0.002687537,1.497856864,DARK-2137-20200303-14_44_59,122.8,97.779,0.122576265,0.771637642,0.081820005,0.692827118,2136,300,300,300,7130.14,217.536,-0.00482547,1.56245,1499.79,1261.0341,0.840807113,0.191614227,1583267945,19.3255,20.0598,16.9758,15.7589,500.019,99.1909,0.199866,25.1637,24.9997,999.9,0,0,10002.5,0,6.08292,-0.83429,19.5576,20.381,1.22187,18.8065,20.0598,16.8278,15.7589,1.68434,1.56314,14.7529,13.6002,1499.79,0.973008,0.0269923,0,208.108,4.99951,3810.36,13589.9,41.625,43.125,42.625,43,44,1454.44,40.35,0,82,208.5936154,-3.522119648,-73.06017097,3818.485769,15,1583267968,14:39:28,71,0.519,0.148,20,16,0.64,0.12,19.23564286,-0.205948052,0.0126266,1,1.497308751,-0.022773023,0.002753851,1,2,2,2/2,2.96449,2.79152,0.00536477,0.00591373,0.0885964,0.0867671,23119.8,29997.5,23550.7,27841.7,31309.3,33706.7,37623,40268.6,2.00688,2.0219,0.0948459,0,23.4416,999.9,42.272,31.239,19.4901,61.6294,32.5881,1,-0.0646087,1.4847,20.1815,5.26461,12.0159,4.99645,3.288,827.1,9999,9999,9999,1.87908,1.884,1.88201,1.87912,1.8788,1.88095,1.87988,1.87586,5,0,0,0,11111111,oooooooo,off,off,off,off,0,100,100,0.519,0.148,2,513.349,497.975,22.1267,26.3364,29.9999,26.362,26.3337,4.0017,26.5064,57.7317,22.1299,20,15.8135,100.325,100.438
ME034,plant_2,26,1583268029,3626.5,20200303 14:40:29,14:40:29,1583268029,0.004952796,1.223286342,9.62937,3.422661556,0.340192006,0.957101554,0.338794882,3.438235724,0.321280797,0.20229859,241.6704674,25.35075568,24.9859,3.177005642,52.17750794,1.682223487,3.224039539,1.494782155,-218.4183063,45.72884595,2.81638635,71.79739332,-0.041173996,0.046221418,3.45457313,0,0,1,0,52812.36354,MPF-2089-20200303-13_45_54,74.09423077,550.9747692,476.8805385,0.865521554,-0.860948317,MPF-2138-20200303-14_46_20,204.891,213.798,0.04166082,0.5,1261.2282,1.223286342,26.27190053,0.397562185,0.001652544,1.577081026,DARK-2139-20200303-14_46_23,128.8,84.998,0.104790701,0.79866632,0.063756333,0.707046612,2138,300,300,300,7130.02,212.32,-0.0048253,2.50856,1500.02,1261.2282,0.840807589,0.191615179,1583268029,9.62937,9.98652,16.9248,15.5566,499.993,99.1939,0.200095,25.2326,24.9859,999.9,0,0,10010,0,6.08292,-0.345158,9.80743,10.1443,1.37611,9.12237,9.98652,16.7848,15.5566,1.67963,1.54313,14.7094,13.4023,1500.02,0.972992,0.0270081,0,204.613,4.99951,3747.33,13592,41.687,43.187,42.687,43.062,44,1454.64,40.38,0,83.4000001,204.891,-3.106666654,-45.84273497,3752.506923,15,1583268052,14:40:51,72,0.507,0.14,10,16,0.5,0.08,9.656336667,-0.344356364,0.018879512,1,1.495844625,5.39742E-05,0.00120905,1,2,2,2/2,2.96443,2.79181,0.00260477,0.00294845,0.0884341,0.0859519,23184.9,30088.1,23551.6,27842.6,31315.8,33738,37624.2,40270.6,2.00695,2.02163,0.0922009,0,23.4712,999.9,42.174,31.239,19.4432,61.8094,32.6242,1,-0.0663948,1.15109,20.1845,5.26401,12.0159,4.9998,3.288,827.1,9999,9999,9999,1.87904,1.884,1.88199,1.87911,1.8788,1.88095,1.87988,1.87589,5,0,0,0,11111111,oooooooo,off,off,off,off,0,100,100,0.507,0.14,2,513.316,497.709,22.4417,26.3264,30,26.3531,26.3261,3.57125,27.2393,57.3604,22.4393,10,15.6017,100.328,100.443
ME034,plant_2,36,1583268883,4480,20200303 14:54:42,14:54:42,1583268883,0.001095832,22.71953077,593.469,75.06383894,7.462446927,58.99952598,0.071961447,3.434559588,0.071134203,0.044532409,241.6848313,25.52523789,25.0178,3.183053492,54.59661727,1.689085102,3.09375413,1.49396839,-48.32618857,-88.2306348,-5.421811845,99.70619603,-0.041118326,0.046158923,3.450874904,0,0,1,0,52866.87255,MPF-2089-20200303-13_45_54,74.09423077,550.9747692,476.8805385,0.865521554,-0.860948317,MPF-2158-20200303-15_00_34,188.2372308,219.832,0.143722339,0.5,1261.3038,22.71953077,90.6387662,0.38862404,0.018695321,1.506344705,DARK-2159-20200303-15_00_36,134.4,85.432,0.369823593,0.794917968,0.216791909,0.694393548,2158,300,300,300,7129.28,213.494,-0.00482486,2.12285,1500.11,1261.3038,0.840807541,0.191615082,1583268883,593.469,600.036,16.9903,16.6876,499.995,99.2146,0.200072,24.5413,25.0178,999.9,0,0,9994.38,0,6.08292,-6.64319,603.648,610.219,0.301687,591.728,600.036,16.8043,16.6876,1.68558,1.65565,14.7643,14.4868,1500.11,0.972992,0.0270081,0,187.897,4.99951,3466.44,13592.8,41.875,43.5,42.937,43.312,44.187,1454.73,40.38,0,89.80000019,188.2372308,-1.567042735,-27.53367521,3469.548462,15,1583268904,14:55:04,82,1.741,0.186,600,17,0.24,0.19,593.3957143,0.339428571,0.025709259,1,1.502712989,-0.045254366,0.005026976,1,2,2,2/2,2.96447,2.79166,0.124561,0.129201,0.0885349,0.0905079,20354,26278.2,23556.2,27842.8,31325.3,33578.7,37632.2,40270.6,2.00655,2.02693,0.122793,0,22.9998,999.9,42.345,31.25,19.5331,61.7394,32.3598,1,-0.0655589,2.21331,20.1729,5.26371,12.0159,5.00005,3.288,827.3,9999,9999,9999,1.87896,1.88387,1.88187,1.87897,1.87865,1.8808,1.87975,1.87576,5,0,0,0,11111111,oooooooo,off,off,off,off,0,100,100,1.741,0.186,2,512.739,501.141,20.7875,26.2909,30,26.3221,26.2962,28.4881,22.8279,59.5907,20.7835,600,16.6453,100.349,100.443
ME034,plant_2,37,1583268972,4569,20200303 14:56:11,14:56:11,1583268972,0.001296898,24.16514397,693.048,219.7378338,21.844487,68.89700224,0.084669968,3.436004442,0.083527713,0.052306164,241.6459656,25.45526016,24.9912,3.178009761,54.12762227,1.672142675,3.089259429,1.505867086,-57.19321125,-87.84169546,-5.394258159,91.21680072,-0.041140203,0.046183482,3.452328439,0,0,1,0,52898.10779,MPF-2089-20200303-13_45_54,74.09423077,550.9747692,476.8805385,0.865521554,-0.860948317,MPF-2160-20200303-15_02_03,189.0321538,220.695,0.143468797,0.5,1261.1019,24.16514397,90.46438627,0.431795011,0.019844623,1.49654396,DARK-2161-20200303-15_02_05,125.4,95.295,0.332261358,0.776079301,0.215980082,0.692583871,2160,300,300,300,7129.25,215.266,-0.00482479,1.9115,1499.87,1261.1019,0.84080747,0.19161494,1583268972,693.048,700.091,16.8204,16.4621,499.998,99.2116,0.199988,24.517,24.9912,999.9,0,0,10000,0,6.08292,-7.16089,704.791,711.809,0.366375,691.19,700.091,16.6424,16.4621,1.66958,1.63323,14.6164,14.2759,1499.87,0.972992,0.0270081,0,189,4.99951,3482.42,13590.6,41.875,43.5,42.937,43.312,44.187,1454.5,40.37,0,88.79999995,189.0321538,-1.155829072,-19.13094014,3485.099231,15,1583268989,14:56:29,83,1.858,0.178,700,16,0.31,0.11,692.9058095,0.489350649,0.028600065,1,1.503005458,-0.00113117,0.001172263,1,2,2,2/2,2.96448,2.79162,0.138686,0.143664,0.0879038,0.0896118,20025.6,25842.7,23556.2,27843.8,31347.7,33613.2,37631.9,40271.6,2.00672,2.02692,0.124697,0,22.9417,999.9,42.419,31.25,19.5639,61.9294,32.2716,1,-0.0674543,1.56417,20.1805,5.26386,12.0159,5.00065,3.288,827.4,9999,9999,9999,1.87893,1.88385,1.88185,1.87896,1.87866,1.8808,1.87973,1.87571,5,0,0,0,11111111,oooooooo,off,off,off,off,0,100,100,1.858,0.178,2,512.839,501.12,21.3335,26.2886,30.0001,26.3199,26.294,32.2711,24.1582,59.5907,21.3435,700,16.464,100.348,100.446
ME034,plant_2,38,1583269056,4653,20200303 14:57:35,14:57:35,1583269056,0.001007389,24.07883547,793.011,189.4626514,18.83458713,78.83366284,0.065736857,3.437166862,0.065046312,0.040715383,241.6810773,25.57493094,25.0618,3.191411862,54.51375967,1.689611599,3.099422254,1.501800263,-44.42586123,-90.78069407,-5.5763777,100.8981443,-0.041157807,0.046203244,3.453497844,0,0,1,0,52910.02677,MPF-2089-20200303-13_45_54,74.09423077,550.9747692,476.8805385,0.865521554,-0.860948317,MPF-2162-20200303-15_03_27,188.7668077,223.204,0.154285731,0.5,1261.2867,24.07883547,97.2992703,0.401444419,0.019773287,1.468480714,DARK-2163-20200303-15_03_29,133.6,89.604,0.384326507,0.785315245,0.230951952,0.687322595,2162,300,300,300,7129.22,216.254,-0.00482473,1.9135,1500.09,1261.2867,0.840807352,0.191614704,1583269056,793.011,800,16.9963,16.7181,500.117,99.2104,0.200154,24.5719,25.0618,999.9,0,0,10004.4,0,6.08292,-7.35449,806.34,813.602,0.266205,790.787,800,16.8063,16.7181,1.68502,1.65861,14.7591,14.5144,1500.09,0.972996,0.0270039,0,188.419,4.99951,3473.86,13592.6,41.875,43.5,42.937,43.312,44.187,1454.72,40.37,0,83.79999995,188.7668077,-1.710529904,-41.61914525,3478.739231,15,1583269074,14:57:53,84,2.224,0.19,800,17,0.39,0.24,792.564381,0.444779221,0.032457263,1,1.508784769,-0.039227955,0.004227224,1,2,2,2/2,2.96478,2.79182,0.151823,0.15708,0.08854,0.0906255,19720.8,25437.6,23556.9,27843.4,31327.3,33577,37633.1,40271.7,2.00688,2.0276,0.127241,0,22.9707,999.9,42.541,31.25,19.6225,61.8394,32.4559,1,-0.0651677,2.25782,20.1721,5.26341,12.0159,5.00005,3.288,827.4,9999,9999,9999,1.87888,1.88385,1.88182,1.87896,1.87865,1.88077,1.87973,1.87564,5,0,0,0,11111111,oooooooo,off,off,off,off,0,100,100,2.224,0.19,2,512.922,501.574,21.0045,26.2864,30,26.3177,26.2918,35.9795,23.0555,59.9646,20.9501,800,16.7489,100.351,100.446
ME034,plant_2,39,1583269137,4734,20200303 14:58:56,14:58:56,1583269137,0.000991463,25.03295828,892.813,254.5844633,25.30854573,88.75560724,0.064757507,3.433273517,0.064086519,0.040113781,241.6810773,25.4680433,24.9905,3.177877125,54.48479027,1.677474446,3.078793985,1.50040268,-43.72352466,-98.13717911,-6.029542784,93.79083075,-0.041098856,0.046137066,3.449581108,0,0,1,0,52857.17141,MPF-2089-20200303-13_45_54,74.09423077,550.9747692,476.8805385,0.865521554,-0.860948317,MPF-2164-20200303-15_04_48,188.3240769,222.398,0.153211464,0.5,1261.2867,25.03295828,96.62179068,0.442441029,0.020529755,1.477426817,DARK-2165-20200303-15_04_50,124,98.398,0.346286744,0.769546102,0.229757634,0.689012746,2164,300,300,300,7129.16,215.57,-0.00482474,2.11989,1500.09,1261.2867,0.840807352,0.191614704,1583269137,892.813,900.096,16.8741,16.6002,500,99.2111,0.200095,24.4603,24.9905,999.9,0,0,9990,0,6.08292,-7.51099,907.911,915.29,0.279961,890.362,900.096,16.6901,16.6002,1.6747,1.64692,14.6639,14.405,1500.09,0.972996,0.0270039,0,188.068,4.99951,3471.13,13592.6,41.937,43.5,42.937,43.312,44.187,1454.72,40.37,0,80.4000001,188.3240769,-0.83924787,-21.07487176,3473.209231,15,1583269167,14:59:26,85,2.451,0.184,900,17,0.4,0.19,892.5547143,0.396155844,0.025037387,1,1.502531377,-0.021919204,0.002482519,1,2,2,2/2,2.96449,2.79164,0.164117,0.169655,0.0880899,0.0901602,19435.8,25058.3,23557.9,27843.6,31345,33594.9,37634.8,40271.8,2.00677,2.02823,0.125352,0,22.9303,999.9,42.681,31.239,19.6728,61.7194,32.4239,1,-0.0664075,1.60916,20.1797,5.26356,12.0159,5.00025,3.288,827.4,9999,9999,9999,1.87891,1.88385,1.88184,1.87897,1.87866,1.8808,1.87973,1.87573,5,0,0,0,11111111,oooooooo,off,off,off,off,0,100,100,2.451,0.184,2,512.831,501.993,20.8138,26.2864,29.9999,26.3155,26.2896,39.5937,24.1283,60.0482,20.9482,900,16.6538,100.356,100.446
ME034,plant_2,40,1583269236,4833,20200303 15:00:35,15:00:35,1583269236,0.001015276,25.25665475,992.669,358.8553888,35.67504723,98.6846361,0.06608856,3.436569909,0.065390528,0.040931181,241.6794813,25.49586337,25.0267,3.184742617,54.42229374,1.678973638,3.085084297,1.505768979,-44.77365355,-98.62047559,-6.055568738,92.22978345,-0.041148766,0.046193095,3.452897304,0,0,1,0,52912.72664,MPF-2089-20200303-13_45_54,74.09423077,550.9747692,476.8805385,0.865521554,-0.860948317,MPF-2166-20200303-15_06_27,188.3993462,223.426,0.156770715,0.5,1261.2783,25.25665475,98.8657507,0.419047022,0.020707248,1.466027988,DARK-2167-20200303-15_06_29,129.8,93.626,0.374112467,0.777702733,0.234555942,0.68685707,2166,300,300,300,7129.15,216.918,-0.00482475,1.9225,1500.08,1261.2783,0.840807357,0.191614714,1583269236,992.669,1000.05,16.8888,16.6083,499.954,99.2134,0.200036,24.4944,25.0267,999.9,0,0,10001.9,0,6.08292,-7.52997,1009.57,1016.94,0.281507,990.068,1000.05,16.7058,16.6083,1.6757,1.64777,14.6731,14.4129,1500.08,0.972996,0.0270039,0,188.223,4.99951,3471.49,13592.5,41.937,43.5,42.937,43.312,44.187,1454.71,40.37,0,98.39999986,188.3993462,-1.118461528,-25.36068378,3474.319231,15,1583269253,15:00:53,86,2.601,0.183,1000,17,0.52,0.21,992.4838095,0.469402597,0.027390682,1,1.501238647,0.009189885,0.001295993,1,2,2,2/2,2.96437,2.79168,0.175724,0.181489,0.0881525,0.090194,19166,24701.1,23557.8,27843.3,31343.8,33593.8,37635.2,40271.2,2.0067,2.0286,0.128124,0,22.9209,999.9,42.754,31.239,19.709,61.9294,32.3478,1,-0.0666616,1.72774,20.1786,5.26356,12.0159,4.99915,3.288,827.4,9999,9999,9999,1.87887,1.88385,1.88184,1.87895,1.87864,1.88079,1.87973,1.87564,5,0,0,0,11111111,oooooooo,off,off,off,off,0,100,100,2.601,0.183,2,512.801,502.286,21.2036,26.2886,30.0002,26.3177,26.2924,43.1427,24.1569,60.5265,21.1847,1000,16.5743,100.356,100.445
ME034,plant_3,20,1583274916,2956.5,20200303 16:35:15,16:35:15,1583274916,0.001610927,18.65236067,395.274,105.7684341,10.50886445,39.27335147,0.106870562,3.439450598,0.105059474,0.065822334,241.6757123,25.41503213,24.9799,3.175869238,54.59428374,1.689679924,3.0949759,1.486189313,-71.04186074,-80.1047494,-4.914697121,85.61440499,-0.041040549,0.046071612,3.445705319,0,0,1,0,52768.51813,MPF-2176-20200303-15_51_50,62.89807692,461.5999231,398.7018462,0.863738979,-0.801876376,MPF-2213-20200303-16_41_07,154.3588462,176.164,0.123777581,0.5,1261.261192,18.65236067,78.05792994,0.409641016,0.015424432,1.620285206,DARK-2214-20200303-16_41_09,104,72.164,0.302161103,0.798199062,0.192512922,0.715913221,2213,300,300,300,7137.55,172.374,-0.00483059,2.6105,1500.06,1261.261192,0.840807163,0.191614325,1583274916,395.274,400.077,17.0061,16.6118,499.999,99.1572,0.200085,24.5479,24.9799,999.9,0,0,9981.25,0,6.08292,-4.82471,402.088,406.835,0.390368,393.808,400.077,16.8271,16.6118,1.68588,1.64718,14.7671,14.4074,1500.06,0.973008,0.0269923,0,154.125,4.99951,2853.81,13592.4,41,42.625,42,42.5,43.375,1454.71,40.36,0,144.1000001,154.3588462,-0.337025646,-6.375726505,2854.588846,15,1583274936,16:35:35,112,1.466,0.179,400,17,0.33,0.34,395.2464286,0.142285714,0.02153529,1,1.489383716,-0.027117712,0.003053276,1,2,2,2/2,2.96455,2.79156,0.0923384,0.0960457,0.0885891,0.0901721,21128.4,27289.3,23584.2,27853.4,31360.8,33603.6,37679.1,40288.2,2.00793,2.04422,0.119936,0,23.0088,999.9,47.455,29.608,19.9358,61.6304,31.9351,1,-0.0763034,1.08704,20.1844,5.26461,12.0159,5.0005,3.288,829,9999,9999,9999,1.87853,1.88355,1.8815,1.87864,1.87836,1.8805,1.87947,1.87545,5,0,0,0,11111111,oooooooo,off,off,off,off,0,100,100,1.466,0.179,2,512.947,512.697,21.5669,26.2133,29.9998,26.2447,26.2212,20.5969,24.2621,64.9584,21.5329,400,16.5425,100.472,100.485
ME034,plant_3,21,1583275013,3053.5,20200303 16:36:52,16:36:52,1583275013,0.001700704,16.38039773,295.84,53.89456752,5.354756358,29.39352135,0.111992389,3.449819308,0.110011144,0.068932053,241.6639935,25.45012515,25.0116,3.181877261,54.20722928,1.683500423,3.105675101,1.498376838,-75.00106654,-75.51058337,-4.620985348,86.53135824,-0.041196956,0.046247192,3.456097866,0,0,1,0,52951.09227,MPF-2176-20200303-15_51_50,62.89807692,461.5999231,398.7018462,0.863738979,-0.801876376,MPF-2215-20200303-16_42_44,154.0705769,172.677,0.107752758,0.5,1261.2021,16.38039773,67.94900266,0.459105729,0.013623728,1.673198649,DARK-2216-20200303-16_42_46,93.4,79.277,0.234701402,0.784690341,0.16948994,0.724659105,2215,300,300,300,7137.16,170.972,-0.00483029,1.87398,1499.99,1261.2021,0.840807006,0.191614011,1583275013,295.84,300.044,16.9441,16.5278,500,99.1561,0.200043,24.6056,25.0116,999.9,0,0,10019.4,0,6.08292,-3.95523,301.194,305.087,0.421238,294.623,300.044,16.7701,16.5278,1.6806,1.63884,14.7184,14.3289,1499.99,0.973008,0.0269923,0,153.864,4.99951,2847.79,13591.8,41.125,42.687,42.125,42.625,43.5,1454.64,40.35,0,96.60000014,154.0705769,-2.036888891,-26.21538462,2851.387692,15,1583275030,16:37:10,113,1.217,0.174,300,17,0.44,0.2,296.1426667,-0.391948052,0.023586383,1,1.504529413,-0.0218557,0.002462369,1,2,2,2/2,2.96456,2.79186,0.0733734,0.0765638,0.0883691,0.0898413,21569.6,27877.4,23583.9,27853.4,31367,33614.3,37678.6,40288,2.00798,2.04402,0.119358,0,23.0501,999.9,47.467,29.578,19.9054,61.6804,31.9311,1,-0.073689,2.02861,20.1751,5.26431,12.0159,5.0007,3.288,829,9999,9999,9999,1.87857,1.88355,1.88152,1.87866,1.87836,1.88051,1.87948,1.87546,5,0,0,0,11111111,oooooooo,off,off,off,off,0,100,100,1.217,0.174,2,512.875,512.423,21.2081,26.2067,30,26.2337,26.208,16.4286,24.6461,64.9584,21.2017,300,16.5762,100.47,100.484
ME034,plant_3,22,1583275120,3160.5,20200303 16:38:39,16:38:39,1583275120,0.002582313,14.1684398,196.276,59.13668404,5.875795202,19.50189798,0.17318186,3.449915646,0.168493134,0.105718899,241.6560136,25.33142845,24.9247,3.165430977,53.83462722,1.679782742,3.120264463,1.485648235,-113.8799854,-44.76823885,-2.739466058,80.26832326,-0.04119841,0.046248825,3.456194425,0,0,1,0,52939.0153,MPF-2176-20200303-15_51_50,62.89807692,461.5999231,398.7018462,0.863738979,-0.801876376,MPF-2217-20200303-16_44_31,154.2404615,172.466,0.105676124,0.5,1261.1601,14.1684398,66.6372558,0.475838716,0.011870274,1.676469119,DARK-2218-20200303-16_44_33,90.4,82.066,0.222083914,0.77891698,0.166340093,0.725188323,2217,300,300,300,7136.85,169.984,-0.00482999,2.79436,1499.94,1261.1601,0.840807033,0.191614065,1583275120,196.276,199.93,16.9061,16.274,500.02,99.1596,0.199965,24.684,24.9247,999.9,0,0,10019.4,0,6.08292,-3.2379,200.076,203.237,0.641045,195.475,199.93,16.7411,16.274,1.67729,1.61373,14.6878,14.0905,1499.94,0.973008,0.0269923,0,153.881,4.99951,2851.78,13591.3,41.25,42.812,42.25,42.75,43.625,1454.59,40.35,0,106.6999998,154.2404615,-1.43145299,-26.83384615,2854.701154,15,1583275141,16:39:01,114,0.801,0.165,200,16,0.57,0.14,196.7519524,-0.499948052,0.026312185,1,1.487470028,-0.018103366,0.002139853,1,2,2,2/2,2.96462,2.79177,0.0517475,0.054312,0.0882622,0.0888372,22073.2,28549.4,23584.1,27853.5,31369.9,33650.1,37679,40288.4,2.00828,2.0435,0.11358,0,23.058,999.9,47.491,29.578,19.9152,61.6304,32.0873,1,-0.0766997,1.16699,20.1838,5.26431,12.0159,5.00065,3.288,829.1,9999,9999,9999,1.87851,1.88354,1.88144,1.87854,1.87836,1.88049,1.87944,1.87545,5,0,0,0,11111111,oooooooo,off,off,off,off,0,100,100,0.801,0.165,2,512.977,511.937,21.8166,26.1956,30,26.2227,26.197,12.093,26.066,64.9584,21.8318,200,16.1971,100.471,100.485
ME034,plant_3,23,1583275217,3257.5,20200303 16:40:16,16:40:16,1583275217,0.003011641,8.732638462,97.7196,25.07492027,2.491469027,9.709516687,0.20191313,3.419899609,0.195516514,0.122755651,241.6863373,25.49382645,25.0009,3.179848207,53.24754444,1.686821804,3.16788656,1.493026403,-132.8133695,-11.65241327,-0.720490562,96.50006396,-0.040746187,0.045741165,3.426109468,0,0,1,0,52336.45052,MPF-2176-20200303-15_51_50,62.89807692,461.5999231,398.7018462,0.863738979,-0.801876376,MPF-2219-20200303-16_46_08,158.1638462,171.115,0.075686841,0.5,1261.3197,8.732638462,47.73265199,0.442480203,0.007559158,1.697600579,DARK-2220-20200303-16_46_10,95.4,75.715,0.171051362,0.793241355,0.119677713,0.72857682,2219,300,300,300,7136.59,170.446,-0.00482989,3.58456,1500.13,1261.3197,0.84080693,0.191613861,1583275217,97.7196,99.9671,16.9767,16.2396,500.046,99.16,0.200995,24.9377,25.0009,999.9,0,0,9909.38,0,6.08292,-1.9315,99.7289,101.617,0.740122,97.2346,99.9671,16.8147,16.2396,1.68371,1.61032,14.747,14.0579,1500.13,0.973012,0.0269881,0,157.978,4.99951,2924.55,13593.1,41.312,42.875,42.375,42.812,43.687,1454.78,40.35,0,96.39999986,158.1638462,0.982085465,-1.813675228,2924.635769,15,1583275240,16:40:39,115,0.485,0.162,100,16,0.32,0.17,98.06095714,-0.462576623,0.024081836,1,1.500244892,-0.053335744,0.00574659,1,2,2,2/2,2.96469,2.79184,0.0271192,0.0287055,0.0885482,0.0887005,22647.1,29322,23584.6,27852.9,31359.3,33653.4,37679.6,40288.2,2.0086,2.04305,0.110388,0,23.187,999.9,47.516,29.547,19.8899,62.0704,32.0713,1,-0.0761814,1.24684,20.183,5.26506,12.0159,4.9997,3.288,829.1,9999,9999,9999,1.87854,1.88356,1.88155,1.87866,1.87836,1.88049,1.87945,1.87546,5,0,0,0,11111111,oooooooo,off,off,off,off,0,100,100,0.485,0.162,2,513.203,511.594,22.182,26.1956,29.9999,26.2227,26.1949,7.6051,26.1047,64.9584,22.1902,100,16.2242,100.473,100.484
ME034,plant_3,24,1583275302,3342.5,20200303 16:41:41,16:41:41,1583275302,0.003632773,5.049910536,48.6837,13.70944727,1.36221599,4.837373332,0.244167234,3.43773843,0.234925751,0.147629762,241.6464376,25.50803253,25.0086,3.181308253,52.6154197,1.682409544,3.197559866,1.498898709,-160.2052732,15.84617279,0.975519724,98.26285697,-0.041014742,0.046042641,3.443989218,0,0,1,0,52640.17035,MPF-2176-20200303-15_51_50,62.89807692,461.5999231,398.7018462,0.863738979,-0.801876376,MPF-2221-20200303-16_47_33,164.9687692,176.293,0.064235283,0.5,1261.1097,5.049910536,40.50386933,0.429359078,0.004640189,1.618367848,DARK-2222-20200303-16_47_35,100.6,75.693,0.149607371,0.790324055,0.099865413,0.715589671,2221,300,300,300,7136.37,174.502,-0.00482968,2.00394,1499.88,1261.1097,0.840807065,0.19161413,1583275302,48.6837,49.9851,16.9319,16.0427,500.025,99.1631,0.200205,25.0941,25.0086,999.9,0,0,9974.38,0,6.08292,-1.18646,49.6395,50.8001,0.897274,48.3137,49.9851,16.7779,16.0427,1.67982,1.59084,14.7112,13.8704,1499.88,0.973007,0.0269928,0,165.562,4.99951,3051.12,13590.8,41.437,42.937,42.437,42.875,43.75,1454.53,40.35,0,84.5,164.9687692,4.073504272,65.27350426,3043.457308,15,1583275320,16:42:00,116,0.37,0.154,50,16,0.41,0.08,48.81821429,-0.421979221,0.026138228,1,1.504554889,-0.024484931,0.002728912,1,2,2,2/2,2.96463,2.79161,0.0137079,0.0146351,0.088409,0.087915,22958.9,29746.9,23584.1,27852.9,31363,33681.6,37679.2,40288.5,2.00865,2.04303,0.10477,0,23.2872,999.9,47.442,29.537,19.847,62.0904,31.9391,1,-0.076029,1.19483,20.1831,5.26506,12.0159,5.001,3.288,829.1,9999,9999,9999,1.87851,1.88354,1.88144,1.87862,1.87834,1.88049,1.87943,1.87546,5,0,0,0,11111111,oooooooo,off,off,off,off,0,100,100,0.37,0.154,2,513.216,511.574,22.3999,26.1979,30.0001,26.2205,26.1948,5.36637,26.6597,64.5862,22.3935,50,16.054,100.471,100.484
ME034,plant_3,25,1583275381,3422,20200303 16:43:01,16:43:01,1583275381,0.004022289,1.938159623,19.4751,7.279315356,0.723301039,1.935121558,0.271096348,3.441333705,0.259766204,0.163332387,241.6416497,25.52356006,25.0593,3.190936441,52.53362506,1.690149841,3.21727244,1.5007866,-177.3829244,25.60302721,1.575742946,91.43749542,-0.04106894,0.046103483,3.447592752,0,0,1,0,52688.68974,MPF-2176-20200303-15_51_50,62.89807692,461.5999231,398.7018462,0.863738979,-0.801876376,MPF-2223-20200303-16_48_52,172.0168846,182.181,0.055791303,0.5,1261.0845,1.938159623,35.17877378,0.442312865,0.002172762,1.533743492,DARK-2224-20200303-16_48_55,101.6,80.581,0.126135384,0.776163841,0.085210147,0.700821744,2223,300,300,300,7136.28,178.97,-0.00482957,1.16438,1499.85,1261.0845,0.840807081,0.191614162,1583275381,19.4751,19.9772,17.0097,16.0252,500.007,99.1637,0.200183,25.1973,25.0593,999.9,0,0,9987.5,0,6.08292,-0.617111,19.6951,20.3026,0.984545,18.9901,19.9772,16.8557,16.0252,1.68675,1.58912,14.775,13.8537,1499.85,0.973008,0.0269923,0,171.678,4.99951,3169.45,13590.5,41.5,43.062,42.5,42.937,43.875,1454.5,40.35,0,79.19999981,172.0168846,-1.161880333,-10.51555556,3170.133846,15,1583275405,16:43:24,117,0.485,0.154,20,16,0.67,0.32,19.38733333,-0.402327273,0.021057118,1,1.504223567,-0.021285352,0.002367414,1,2,2,2/2,2.96459,2.79171,0.00541814,0.00589067,0.0887115,0.0878462,23152,30011.2,23584.2,27853.1,31352.4,33683.5,37679.6,40288.4,2.0082,2.04293,0.102647,0,23.373,999.9,47.418,29.527,19.8263,62.0104,31.887,1,-0.075498,1.47429,20.1807,5.26476,12.0159,5.0003,3.288,829.2,9999,9999,9999,1.87851,1.88354,1.88148,1.87864,1.87835,1.88049,1.87943,1.87546,5,0,0,0,11111111,oooooooo,off,off,off,off,0,100,100,0.485,0.154,2,512.882,511.459,22.32,26.1956,30.0002,26.2183,26.1904,4.04332,26.6359,64.5862,22.2733,20,16.0192,100.472,100.484
ME034,plant_3,26,1583275466,3506.5,20200303 16:44:25,16:44:25,1583275466,0.004593016,0.987264145,9.73163,4.287020408,0.425984601,0.966994353,0.312462594,3.446852108,0.297536117,0.187241725,241.6368617,25.42694208,24.9971,3.17912788,52.205811,1.682755373,3.223310472,1.496372507,-202.5520154,43.05604427,2.645241192,84.78613175,-0.041152177,0.046196923,3.453123841,0,0,1,0,52785.59043,MPF-2176-20200303-15_51_50,62.89807692,461.5999231,398.7018462,0.863738979,-0.801876376,MPF-2225-20200303-16_50_17,170.8839231,179.636,0.048721175,0.5,1261.0593,0.987264145,30.72014519,0.442205349,0.00141876,1.569640401,DARK-2226-20200303-16_50_19,100.2,79.436,0.110177714,0.780199178,0.074972012,0.70720496,2225,300,300,300,7135.98,177.274,-0.00482942,1.62897,1499.82,1261.0593,0.840807097,0.191614194,1583275466,9.73163,9.98859,16.9349,15.8106,499.997,99.1661,0.200024,25.2288,24.9971,999.9,0,0,10007.5,0,6.08292,-0.291959,9.86375,10.1491,1.13231,9.21163,9.98859,16.7889,15.8106,1.68016,1.56788,14.7144,13.6467,1499.82,0.973008,0.0269923,0,170.212,4.99951,3146.39,13590.2,41.562,43.125,42.562,43,43.937,1454.47,40.35,0,84.20000005,170.8839231,-2.262837609,-33.64717943,3150.321538,15,1583275487,16:44:46,118,0.52,0.146,10,16,0.27,0.1,9.692058095,-0.136475844,0.012685409,1,1.495335841,0.003992514,0.000871164,1,2,2,2/2,2.96456,2.79173,0.00263072,0.00294962,0.0884556,0.0869856,23218.2,30100.7,23585.5,27853.8,31362.9,33715.9,37681.7,40289.6,2.00865,2.04275,0.0956431,0,23.4258,999.9,47.296,29.507,19.7518,62.0104,32.0873,1,-0.0766845,1.30529,20.1819,5.26446,12.0159,5.00075,3.288,829.2,9999,9999,9999,1.87852,1.88354,1.88151,1.87864,1.87836,1.88049,1.87947,1.87546,5,0,0,0,11111111,oooooooo,off,off,off,off,0,100,100,0.52,0.146,2,513.152,511.287,22.3051,26.1935,30,26.2139,26.1856,3.61196,27.3757,64.2139,22.3087,10,15.8304,100.478,100.487
ME034,plant_3,35,1583276213,4253.9,20200303 16:56:53,16:56:53,1583276213,0.001473198,19.19634648,495.141,165.208572,16.41831191,49.20676499,0.096724025,3.446539222,0.095240937,0.059656941,241.6491727,25.52448118,25.0456,3.188332234,54.30513726,1.688841852,3.109911764,1.499490382,-64.9680352,-77.51985796,-4.749819545,94.41145999,-0.041147456,0.046191624,3.452810235,0,0,1,0,52886.54808,MPF-2176-20200303-15_51_50,62.89807692,461.5999231,398.7018462,0.863738979,-0.801876376,MPF-2243-20200303-17_02_44,152.9082308,174.221,0.122331804,0.5,1261.118708,19.19634648,77.13746335,0.436348087,0.015857526,1.649507942,DARK-2244-20200303-17_02_47,98.2,76.021,0.280353708,0.79080623,0.191449961,0.720786537,2243,300,300,300,7135.05,170.326,-0.0048287,2.59865,1499.89,1261.118708,0.840807465,0.19161493,1583276213,495.141,500.104,16.9939,16.6332,499.851,99.1795,0.199798,24.6284,25.0456,999.9,0,0,10005,0,6.08292,-5.1781,503.479,508.563,0.354681,493.439,500.104,16.8149,16.6332,1.68485,1.64967,14.7576,14.4308,1499.89,0.972991,0.0270085,0,152.995,4.99951,2837.61,13590.8,41.812,43.375,42.875,43.25,44.125,1454.51,40.37,0,88.9000001,152.9082308,-0.333880352,-12.95418804,2838.975,15,1583276231,16:57:11,127,1.702,0.179,500,17,0.56,0.18,494.9290476,0.367948052,0.026379061,1,1.501894806,-0.016806912,0.001994741,1,2,2,2/2,2.96422,2.79147,0.109361,0.11346,0.0885736,0.0902904,20736.5,26765.4,23589,27855.1,31368.6,33602.6,37686.8,40291,2.008,2.04752,0.126548,0,22.9659,999.9,47.381,29.416,19.6808,61.9104,32.0312,1,-0.0767937,1.91136,20.1757,5.26087,12.0159,4.999,3.28725,829.4,9999,9999,9999,1.87851,1.88354,1.88153,1.87866,1.87836,1.8805,1.87945,1.87546,5,0,0,0,11111111,oooooooo,off,off,off,off,0,100,100,1.702,0.179,2,512.467,514.473,21.3129,26.1652,30.0001,26.1896,26.1619,24.6041,23.0339,64.6614,21.2744,500,16.6804,100.492,100.491
ME034,plant_3,36,1583276300,4340.9,20200303 16:58:20,16:58:20,1583276300,0.001040603,18.91155991,595.101,136.4062642,13.55662908,59.14364395,0.067925179,3.443088568,0.067189424,0.04205883,241.6491727,25.55301474,25.0515,3.189453526,54.50318519,1.688001087,3.097068697,1.501452439,-45.89057508,-91.38259226,-5.60304706,98.7729583,-0.041095403,0.04613319,3.449351649,0,0,1,0,52834.75999,MPF-2176-20200303-15_51_50,62.89807692,461.5999231,398.7018462,0.863738979,-0.801876376,MPF-2245-20200303-17_04_11,152.9490769,173.268,0.117268758,0.5,1261.118708,18.91155991,73.94491201,0.421705104,0.015631706,1.664080633,DARK-2246-20200303-17_04_14,100.2,73.068,0.278082376,0.797819547,0.184098371,0.723176795,2245,300,300,300,7134.98,170.366,-0.00482871,2.45061,1499.89,1261.118708,0.840807465,0.19161493,1583276300,595.101,599.964,16.9846,16.7299,500.018,99.1841,0.200112,24.5592,25.0515,999.9,0,0,9991.88,0,6.08292,-4.93781,605.304,610.172,0.249641,593.324,599.964,16.8006,16.7299,1.6841,1.65934,14.7507,14.5212,1499.89,0.972991,0.0270085,0,152.64,4.99951,2838.76,13590.8,41.812,43.437,42.875,43.25,44.125,1454.51,40.37,0,86.29999995,152.9490769,-0.664341876,-14.02700855,2840.602692,15,1583276323,16:58:43,128,1.777,0.184,600,17,0.54,0.34,594.9913333,0.453194805,0.027860765,1,1.509171716,-0.020141501,0.002931132,1,2,2,2/2,2.96466,2.79167,0.124802,0.129196,0.088526,0.0906803,20378.3,26292.3,23590.3,27857.1,31373,33591.6,37689.1,40293.9,2.00852,2.0481,0.127494,0,22.9562,999.9,47.479,29.396,19.6974,62.1204,31.7788,1,-0.0772485,2.5034,20.1685,5.26296,12.0159,5.0007,3.288,829.4,9999,9999,9999,1.87853,1.88356,1.88154,1.87864,1.87836,1.88049,1.87946,1.87546,5,0,0,0,11111111,oooooooo,off,off,off,off,0,100,100,1.777,0.184,2,512.661,514.732,20.7575,26.1471,30,26.1721,26.1465,28.4984,22.7966,64.9983,20.7498,600,16.7335,100.498,100.498
ME034,plant_3,37,1583276395,4435.9,20200303 16:59:55,16:59:55,1583276395,0.001102987,19.58764898,694.929,245.893956,24.43970003,69.06984043,0.072358187,3.447381602,0.071524924,0.044777143,241.6842693,25.42843826,24.9611,3.172310805,54.50422697,1.676988282,3.076804085,1.495322524,-48.64171073,-95.08353921,-5.816841188,92.14217815,-0.041160166,0.046205892,3.453654552,0,0,1,0,52934.29092,MPF-2176-20200303-15_51_50,62.89807692,461.5999231,398.7018462,0.863738979,-0.801876376,MPF-2247-20200303-17_05_46,152.9246154,173.594,0.119067391,0.5,1261.3035,19.58764898,75.09005832,0.470027766,0.016165439,1.659077636,DARK-2248-20200303-17_05_49,92,81.594,0.253319909,0.779236967,0.186722185,0.722359141,2247,300,300,300,7134.98,170.312,-0.00482871,2.14622,1500.11,1261.3035,0.840807341,0.191614682,1583276395,694.929,699.997,16.8726,16.6026,500.018,99.1913,0.199919,24.4495,24.9611,999.9,0,0,10006.9,0,6.08292,-5.13452,706.792,711.815,0.27492,693.086,699.997,16.6936,16.6026,1.67411,1.64684,14.6584,14.4042,1500.11,0.972996,0.0270044,0,152.88,4.99951,2840.3,13592.8,41.812,43.375,42.875,43.25,44.125,1454.74,40.37,0,94.79999995,152.9246154,0.193162381,-8.93059828,2841.361538,15,1583276418,17:00:17,129,1.843,0.179,700,17,0.58,0.19,694.8462857,0.491532468,0.026344138,1,1.497216228,-0.007757165,0.001194059,1,2,2,2/2,2.96468,2.79161,0.138971,0.143679,0.0881215,0.0901884,20049.5,25856.8,23591.5,27858.9,31389.2,33613,37690.8,40296.8,2.0091,2.04892,0.127375,0,22.8674,999.9,47.503,29.376,19.6837,61.8904,31.903,1,-0.0816286,1.73217,20.1785,5.26386,12.0159,5.00035,3.288,829.4,9999,9999,9999,1.87854,1.88358,1.88155,1.87866,1.87836,1.8805,1.87949,1.87546,5,0,0,0,11111111,oooooooo,off,off,off,off,0,100,100,1.843,0.179,2,512.847,515.101,21.052,26.1249,30,26.15,26.1241,32.2837,23.5233,64.9983,21.0681,700,16.5885,100.503,100.505
ME034,plant_3,38,1583276481,4521.9,20200303 17:01:21,17:01:21,1583276481,0.000830535,19.86135848,794.757,192.9153817,19.17470032,78.99436099,0.054295973,3.443022396,0.053824741,0.03368246,241.6459656,25.54738006,25.0171,3.182920673,54.63645743,1.686801754,3.087319041,1.496118919,-36.62657465,-94.77768607,-5.80877727,104.4329276,-0.041094405,0.04613207,3.449285324,0,0,1,0,52843.10677,MPF-2176-20200303-15_51_50,62.89807692,461.5999231,398.7018462,0.863738979,-0.801876376,MPF-2249-20200303-17_07_12,153.1913462,174.62,0.122715919,0.5,1261.1019,19.86135848,77.37863958,0.403275684,0.016385064,1.643453918,DARK-2250-20200303-17_07_15,104.2,70.42,0.304297839,0.802965822,0.191803482,0.719785789,2249,300,300,300,7134.93,170.666,-0.00482868,2.47482,1499.87,1261.1019,0.84080747,0.19161494,1583276481,794.757,799.867,16.9708,16.7675,499.984,99.1942,0.200157,24.5065,25.0171,999.9,0,0,9990.62,0,6.08292,-5.50836,808.067,813.508,0.197239,792.516,799.867,16.7858,16.7675,1.68281,1.66324,14.7387,14.5575,1499.87,0.972991,0.0270085,0,152.953,4.99951,2842.46,13590.7,41.812,43.437,42.875,43.25,44.125,1454.5,40.37,0,85.19999981,153.1913462,-0.598324787,-17.87555557,2844.885385,15,1583276498,17:01:38,130,2.241,0.185,800,17,0.66,0.16,794.3861429,0.337246753,0.032918783,1,1.502690298,-0.021487536,0.002828317,1,2,2,2/2,2.96462,2.79171,0.152081,0.157103,0.0884866,0.0908471,19745.3,25452.8,23592.6,27860.2,31378.8,33590.6,37692.7,40298,2.0094,2.0499,0.131078,0,22.8626,999.9,47.595,29.376,19.7199,61.9004,31.899,1,-0.0832927,1.78447,20.178,5.26356,12.0159,5.0001,3.288,829.5,9999,9999,9999,1.87854,1.88354,1.88151,1.87862,1.87836,1.88049,1.87945,1.87545,5,0,0,0,11111111,oooooooo,off,off,off,off,0,100,100,2.241,0.185,2,512.864,515.608,21.2452,26.1008,30.0001,26.1303,26.1049,35.9772,22.9209,65.3727,21.2428,800,16.7227,100.508,100.509
ME034,plant_3,39,1583276567,4607.9,20200303 17:02:47,17:02:47,1583276567,0.000969941,19.89351652,894.697,371.6434687,36.93822598,88.92533503,0.063282254,3.430146643,0.062640749,0.039207563,241.6826733,25.52552231,25.0235,3.184135201,54.48917397,1.682818465,3.088353782,1.501316736,-42.77438891,-94.57119005,-5.818230087,98.51886425,-0.040900378,0.045914257,3.436380001,0,0,1,0,52602.5313,MPF-2176-20200303-15_51_50,62.89807692,461.5999231,398.7018462,0.863738979,-0.801876376,MPF-2251-20200303-17_08_38,153.1656154,175.243,0.125981549,0.5,1261.2951,19.89351652,79.44995533,0.383712902,0.01640805,1.634056271,DARK-2252-20200303-17_08_41,108,67.243,0.328322422,0.809833103,0.196514306,0.718223218,2251,300,300,300,7134.92,171.31,-0.00482864,2.34326,1500.1,1261.2951,0.840807346,0.191614693,1583276567,894.697,899.866,16.9312,16.6938,500.055,99.1912,0.200365,24.5121,25.0235,999.9,0,0,9943.75,0,6.08292,-5.23523,910.041,915.143,0.239372,892.39,899.866,16.7482,16.6938,1.67963,1.65588,14.7094,14.4889,1500.1,0.972996,0.0270044,0,152.969,4.99951,2844,13592.7,41.812,43.375,42.875,43.25,44.125,1454.73,40.37,0,85.5999999,153.1656154,-0.993846159,-14.44547007,2845.517308,15,1583276588,17:03:07,131,2.307,0.183,900,17,0.6,0.19,894.6836667,0.274441558,0.030850381,1,1.507308635,-0.021833611,0.002480976,1,2,2,2/2,2.96482,2.79152,0.164402,0.16967,0.0883429,0.0905578,19459.9,25074.4,23594.2,27861.2,31386.3,33603.6,37695,40300,2.00952,2.05017,0.13062,0,22.8767,999.9,47.705,29.356,19.746,62.2104,31.9832,1,-0.0840447,2.11714,20.1741,5.26311,12.0159,4.99955,3.288,829.5,9999,9999,9999,1.87853,1.88354,1.88152,1.87863,1.87836,1.88049,1.87947,1.87546,5,0,0,0,11111111,oooooooo,off,off,off,off,0,100,100,2.307,0.183,2,512.738,515.609,20.9898,26.0766,30,26.1083,26.0852,39.592,23.2557,65.3727,20.9757,900,16.7268,100.514,100.513
ME034,plant_3,40,1583276654,4694.9,20200303 17:04:14,17:04:14,1583276654,0.000865754,20.10396132,994.83,405.2739771,40.28128334,98.87886063,0.056643343,3.453556373,0.056132241,0.035128186,241.6443696,25.51393026,25.0139,3.18231356,54.71304996,1.686883322,3.083146201,1.495430239,-38.17973671,-98.67970952,-6.028695681,98.7562277,-0.041253378,0.046310531,3.459843529,0,0,1,0,53043.11031,MPF-2176-20200303-15_51_50,62.89807692,461.5999231,398.7018462,0.863738979,-0.801876376,MPF-2253-20200303-17_10_05,153.224,173.043,0.114532226,0.5,1261.0935,20.10396132,72.21792296,0.394370185,0.016577548,1.667544617,DARK-2254-20200303-17_10_08,104.8,68.243,0.290418065,0.808735945,0.179935665,0.723741126,2253,300,300,300,7134.91,170.976,-0.0048286,1.59801,1499.86,1261.0935,0.840807476,0.191614951,1583276654,994.83,1000.05,16.9719,16.76,500.033,99.1929,0.199821,24.4839,25.0139,999.9,0,0,10029.4,0,6.08292,-5.50806,1011.71,1017.1,0.210958,992.236,1000.05,16.7879,16.76,1.6834,1.66247,14.7442,14.5504,1499.86,0.972991,0.0270085,0,153.002,4.99951,2843.54,13590.5,41.812,43.437,42.875,43.25,44.125,1454.49,40.37,0,86.69999981,153.224,-1.1602735,-14.50735044,2845.431538,15,1583276674,17:04:33,132,2.594,0.184,1000,17,0.67,0.28,994.5225238,0.449142857,0.031295244,1,1.498903073,-0.02727815,0.003214772,1,2,2,2/2,2.96477,2.79173,0.176018,0.181541,0.0885015,0.0908237,19189.7,24717.3,23594.4,27862.5,31381.8,33595.3,37695.4,40300.8,2.0099,2.05105,0.131145,0,22.8583,999.9,47.918,29.346,19.8207,61.4004,31.855,1,-0.0865777,1.23792,20.1831,5.26461,12.0159,5.00095,3.288,829.5,9999,9999,9999,1.87851,1.88354,1.88148,1.87862,1.87836,1.88049,1.87943,1.87544,5,0,0,0,11111111,oooooooo,off,off,off,off,0,100,100,2.594,0.184,2,512.871,516.097,21.1224,26.0634,29.9994,26.0951,26.0711,43.1299,23.5922,65.8769,21.2095,1000,16.778,100.515,100.517
